"drg","drgnum","mdc","drgdesc","mdcdesc"
"001",1,0,"1: HEART TRANSPLANT OR IMPLANT OF HEART ASSIST SYSTEM W MCC","0: PRINCIPAL DX CAN NOT BE ASSIGNED TO MDC"
"002",2,0,"2: HEART TRANSPLANT OR IMPLANT OF HEART ASSIST SYSTEM W/O MCC","0: PRINCIPAL DX CAN NOT BE ASSIGNED TO MDC"
"003",3,0,"3: ECMO OR TRACH W MV 96+ HRS OR PDX EXC FACE, MOUTH & NECK W MAJ O.R.","0: PRINCIPAL DX CAN NOT BE ASSIGNED TO MDC"
"004",4,0,"4: TRACH W MV 96+ HRS OR PDX EXC FACE, MOUTH & NECK W/O MAJ O.R.","0: PRINCIPAL DX CAN NOT BE ASSIGNED TO MDC"
"005",5,0,"5: LIVER TRANSPLANT W MCC OR INTESTINAL TRANSPLANT","0: PRINCIPAL DX CAN NOT BE ASSIGNED TO MDC"
"006",6,0,"6: LIVER TRANSPLANT W/O MCC","0: PRINCIPAL DX CAN NOT BE ASSIGNED TO MDC"
"007",7,0,"7: LUNG TRANSPLANT","0: PRINCIPAL DX CAN NOT BE ASSIGNED TO MDC"
"008",8,0,"8: SIMULTANEOUS PANCREAS/KIDNEY TRANSPLANT","0: PRINCIPAL DX CAN NOT BE ASSIGNED TO MDC"
"010",10,0,"10: PANCREAS TRANSPLANT","0: PRINCIPAL DX CAN NOT BE ASSIGNED TO MDC"
"011",11,0,"11: TRACHEOSTOMY FOR FACE,MOUTH & NECK DIAGNOSES W MCC","0: PRINCIPAL DX CAN NOT BE ASSIGNED TO MDC"
"012",12,0,"12: TRACHEOSTOMY FOR FACE,MOUTH & NECK DIAGNOSES W CC","0: PRINCIPAL DX CAN NOT BE ASSIGNED TO MDC"
"013",13,0,"13: TRACHEOSTOMY FOR FACE,MOUTH & NECK DIAGNOSES W/O CC/MCC","0: PRINCIPAL DX CAN NOT BE ASSIGNED TO MDC"
"014",14,0,"14: ALLOGENEIC BONE MARROW TRANSPLANT","0: PRINCIPAL DX CAN NOT BE ASSIGNED TO MDC"
"016",16,0,"16: AUTOLOGOUS BONE MARROW TRANSPLANT W CC/MCC","0: PRINCIPAL DX CAN NOT BE ASSIGNED TO MDC"
"017",17,0,"17: AUTOLOGOUS BONE MARROW TRANSPLANT W/O CC/MCC","0: PRINCIPAL DX CAN NOT BE ASSIGNED TO MDC"
"020",20,1,"20: INTRACRANIAL VASCULAR PROCEDURES W PDX HEMORRHAGE W MCC","1: DISEASES & DISORDERS OF THE NERVOUS SYSTEM"
"021",21,1,"21: INTRACRANIAL VASCULAR PROCEDURES W PDX HEMORRHAGE W CC","1: DISEASES & DISORDERS OF THE NERVOUS SYSTEM"
"022",22,1,"22: INTRACRANIAL VASCULAR PROCEDURES W PDX HEMORRHAGE W/O CC/MCC","1: DISEASES & DISORDERS OF THE NERVOUS SYSTEM"
"023",23,1,"23: CRANIO W MAJOR DEV IMPL/ACUTE COMPLEX CNS PDX W MCC OR CHEMO IMPLANT","1: DISEASES & DISORDERS OF THE NERVOUS SYSTEM"
"024",24,1,"24: CRANIO W MAJOR DEV IMPL/ACUTE COMPLEX CNS PDX W/O MCC","1: DISEASES & DISORDERS OF THE NERVOUS SYSTEM"
"025",25,1,"25: CRANIOTOMY & ENDOVASCULAR INTRACRANIAL PROCEDURES W MCC","1: DISEASES & DISORDERS OF THE NERVOUS SYSTEM"
"026",26,1,"26: CRANIOTOMY & ENDOVASCULAR INTRACRANIAL PROCEDURES W CC","1: DISEASES & DISORDERS OF THE NERVOUS SYSTEM"
"027",27,1,"27: CRANIOTOMY & ENDOVASCULAR INTRACRANIAL PROCEDURES W/O CC/MCC","1: DISEASES & DISORDERS OF THE NERVOUS SYSTEM"
"028",28,1,"28: SPINAL PROCEDURES W MCC","1: DISEASES & DISORDERS OF THE NERVOUS SYSTEM"
"029",29,1,"29: SPINAL PROCEDURES W CC OR SPINAL NEUROSTIMULATORS","1: DISEASES & DISORDERS OF THE NERVOUS SYSTEM"
"030",30,1,"30: SPINAL PROCEDURES W/O CC/MCC","1: DISEASES & DISORDERS OF THE NERVOUS SYSTEM"
"031",31,1,"31: VENTRICULAR SHUNT PROCEDURES W MCC","1: DISEASES & DISORDERS OF THE NERVOUS SYSTEM"
"032",32,1,"32: VENTRICULAR SHUNT PROCEDURES W CC","1: DISEASES & DISORDERS OF THE NERVOUS SYSTEM"
"033",33,1,"33: VENTRICULAR SHUNT PROCEDURES W/O CC/MCC","1: DISEASES & DISORDERS OF THE NERVOUS SYSTEM"
"034",34,1,"34: CAROTID ARTERY STENT PROCEDURE W MCC","1: DISEASES & DISORDERS OF THE NERVOUS SYSTEM"
"035",35,1,"35: CAROTID ARTERY STENT PROCEDURE W CC","1: DISEASES & DISORDERS OF THE NERVOUS SYSTEM"
"036",36,1,"36: CAROTID ARTERY STENT PROCEDURE W/O CC/MCC","1: DISEASES & DISORDERS OF THE NERVOUS SYSTEM"
"037",37,1,"37: EXTRACRANIAL PROCEDURES W MCC","1: DISEASES & DISORDERS OF THE NERVOUS SYSTEM"
"038",38,1,"38: EXTRACRANIAL PROCEDURES W CC","1: DISEASES & DISORDERS OF THE NERVOUS SYSTEM"
"039",39,1,"39: EXTRACRANIAL PROCEDURES W/O CC/MCC","1: DISEASES & DISORDERS OF THE NERVOUS SYSTEM"
"040",40,1,"40: PERIPH/CRANIAL NERVE & OTHER NERV SYST PROC W MCC","1: DISEASES & DISORDERS OF THE NERVOUS SYSTEM"
"041",41,1,"41: PERIPH/CRANIAL NERVE & OTHER NERV SYST PROC W CC OR PERIPH NEUROSTIM","1: DISEASES & DISORDERS OF THE NERVOUS SYSTEM"
"042",42,1,"42: PERIPH/CRANIAL NERVE & OTHER NERV SYST PROC W/O CC/MCC","1: DISEASES & DISORDERS OF THE NERVOUS SYSTEM"
"052",52,1,"52: SPINAL DISORDERS & INJURIES W CC/MCC","1: DISEASES & DISORDERS OF THE NERVOUS SYSTEM"
"053",53,1,"53: SPINAL DISORDERS & INJURIES W/O CC/MCC","1: DISEASES & DISORDERS OF THE NERVOUS SYSTEM"
"054",54,1,"54: NERVOUS SYSTEM NEOPLASMS W MCC","1: DISEASES & DISORDERS OF THE NERVOUS SYSTEM"
"055",55,1,"55: NERVOUS SYSTEM NEOPLASMS W/O MCC","1: DISEASES & DISORDERS OF THE NERVOUS SYSTEM"
"056",56,1,"56: DEGENERATIVE NERVOUS SYSTEM DISORDERS W MCC","1: DISEASES & DISORDERS OF THE NERVOUS SYSTEM"
"057",57,1,"57: DEGENERATIVE NERVOUS SYSTEM DISORDERS W/O MCC","1: DISEASES & DISORDERS OF THE NERVOUS SYSTEM"
"058",58,1,"58: MULTIPLE SCLEROSIS & CEREBELLAR ATAXIA W MCC","1: DISEASES & DISORDERS OF THE NERVOUS SYSTEM"
"059",59,1,"59: MULTIPLE SCLEROSIS & CEREBELLAR ATAXIA W CC","1: DISEASES & DISORDERS OF THE NERVOUS SYSTEM"
"060",60,1,"60: MULTIPLE SCLEROSIS & CEREBELLAR ATAXIA W/O CC/MCC","1: DISEASES & DISORDERS OF THE NERVOUS SYSTEM"
"061",61,1,"61: ACUTE ISCHEMIC STROKE W USE OF THROMBOLYTIC AGENT W MCC","1: DISEASES & DISORDERS OF THE NERVOUS SYSTEM"
"062",62,1,"62: ACUTE ISCHEMIC STROKE W USE OF THROMBOLYTIC AGENT W CC","1: DISEASES & DISORDERS OF THE NERVOUS SYSTEM"
"063",63,1,"63: ACUTE ISCHEMIC STROKE W USE OF THROMBOLYTIC AGENT W/O CC/MCC","1: DISEASES & DISORDERS OF THE NERVOUS SYSTEM"
"064",64,1,"64: INTRACRANIAL HEMORRHAGE OR CEREBRAL INFARCTION W MCC","1: DISEASES & DISORDERS OF THE NERVOUS SYSTEM"
"065",65,1,"65: INTRACRANIAL HEMORRHAGE OR CEREBRAL INFARCTION W CC OR TPA IN 24 HRS","1: DISEASES & DISORDERS OF THE NERVOUS SYSTEM"
"066",66,1,"66: INTRACRANIAL HEMORRHAGE OR CEREBRAL INFARCTION W/O CC/MCC","1: DISEASES & DISORDERS OF THE NERVOUS SYSTEM"
"067",67,1,"67: NONSPECIFIC CVA & PRECEREBRAL OCCLUSION W/O INFARCT W MCC","1: DISEASES & DISORDERS OF THE NERVOUS SYSTEM"
"068",68,1,"68: NONSPECIFIC CVA & PRECEREBRAL OCCLUSION W/O INFARCT W/O MCC","1: DISEASES & DISORDERS OF THE NERVOUS SYSTEM"
"069",69,1,"69: TRANSIENT ISCHEMIA","1: DISEASES & DISORDERS OF THE NERVOUS SYSTEM"
"070",70,1,"70: NONSPECIFIC CEREBROVASCULAR DISORDERS W MCC","1: DISEASES & DISORDERS OF THE NERVOUS SYSTEM"
"071",71,1,"71: NONSPECIFIC CEREBROVASCULAR DISORDERS W CC","1: DISEASES & DISORDERS OF THE NERVOUS SYSTEM"
"072",72,1,"72: NONSPECIFIC CEREBROVASCULAR DISORDERS W/O CC/MCC","1: DISEASES & DISORDERS OF THE NERVOUS SYSTEM"
"073",73,1,"73: CRANIAL & PERIPHERAL NERVE DISORDERS W MCC","1: DISEASES & DISORDERS OF THE NERVOUS SYSTEM"
"074",74,1,"74: CRANIAL & PERIPHERAL NERVE DISORDERS W/O MCC","1: DISEASES & DISORDERS OF THE NERVOUS SYSTEM"
"075",75,1,"75: VIRAL MENINGITIS W CC/MCC","1: DISEASES & DISORDERS OF THE NERVOUS SYSTEM"
"076",76,1,"76: VIRAL MENINGITIS W/O CC/MCC","1: DISEASES & DISORDERS OF THE NERVOUS SYSTEM"
"077",77,1,"77: HYPERTENSIVE ENCEPHALOPATHY W MCC","1: DISEASES & DISORDERS OF THE NERVOUS SYSTEM"
"078",78,1,"78: HYPERTENSIVE ENCEPHALOPATHY W CC","1: DISEASES & DISORDERS OF THE NERVOUS SYSTEM"
"079",79,1,"79: HYPERTENSIVE ENCEPHALOPATHY W/O CC/MCC","1: DISEASES & DISORDERS OF THE NERVOUS SYSTEM"
"080",80,1,"80: NONTRAUMATIC STUPOR & COMA W MCC","1: DISEASES & DISORDERS OF THE NERVOUS SYSTEM"
"081",81,1,"81: NONTRAUMATIC STUPOR & COMA W/O MCC","1: DISEASES & DISORDERS OF THE NERVOUS SYSTEM"
"082",82,1,"82: TRAUMATIC STUPOR & COMA, COMA >1 HR W MCC","1: DISEASES & DISORDERS OF THE NERVOUS SYSTEM"
"083",83,1,"83: TRAUMATIC STUPOR & COMA, COMA >1 HR W CC","1: DISEASES & DISORDERS OF THE NERVOUS SYSTEM"
"084",84,1,"84: TRAUMATIC STUPOR & COMA, COMA >1 HR W/O CC/MCC","1: DISEASES & DISORDERS OF THE NERVOUS SYSTEM"
"085",85,1,"85: TRAUMATIC STUPOR & COMA, COMA <1 HR W MCC","1: DISEASES & DISORDERS OF THE NERVOUS SYSTEM"
"086",86,1,"86: TRAUMATIC STUPOR & COMA, COMA <1 HR W CC","1: DISEASES & DISORDERS OF THE NERVOUS SYSTEM"
"087",87,1,"87: TRAUMATIC STUPOR & COMA, COMA <1 HR W/O CC/MCC","1: DISEASES & DISORDERS OF THE NERVOUS SYSTEM"
"088",88,1,"88: CONCUSSION W MCC","1: DISEASES & DISORDERS OF THE NERVOUS SYSTEM"
"089",89,1,"89: CONCUSSION W CC","1: DISEASES & DISORDERS OF THE NERVOUS SYSTEM"
"090",90,1,"90: CONCUSSION W/O CC/MCC","1: DISEASES & DISORDERS OF THE NERVOUS SYSTEM"
"091",91,1,"91: OTHER DISORDERS OF NERVOUS SYSTEM W MCC","1: DISEASES & DISORDERS OF THE NERVOUS SYSTEM"
"092",92,1,"92: OTHER DISORDERS OF NERVOUS SYSTEM W CC","1: DISEASES & DISORDERS OF THE NERVOUS SYSTEM"
"093",93,1,"93: OTHER DISORDERS OF NERVOUS SYSTEM W/O CC/MCC","1: DISEASES & DISORDERS OF THE NERVOUS SYSTEM"
"094",94,1,"94: BACTERIAL & TUBERCULOUS INFECTIONS OF NERVOUS SYSTEM W MCC","1: DISEASES & DISORDERS OF THE NERVOUS SYSTEM"
"095",95,1,"95: BACTERIAL & TUBERCULOUS INFECTIONS OF NERVOUS SYSTEM W CC","1: DISEASES & DISORDERS OF THE NERVOUS SYSTEM"
"096",96,1,"96: BACTERIAL & TUBERCULOUS INFECTIONS OF NERVOUS SYSTEM W/O CC/MCC","1: DISEASES & DISORDERS OF THE NERVOUS SYSTEM"
"097",97,1,"97: NON-BACTERIAL INFECT OF NERVOUS SYS EXC VIRAL MENINGITIS W MCC","1: DISEASES & DISORDERS OF THE NERVOUS SYSTEM"
"098",98,1,"98: NON-BACTERIAL INFECT OF NERVOUS SYS EXC VIRAL MENINGITIS W CC","1: DISEASES & DISORDERS OF THE NERVOUS SYSTEM"
"099",99,1,"99: NON-BACTERIAL INFECT OF NERVOUS SYS EXC VIRAL MENINGITIS W/O CC/MCC","1: DISEASES & DISORDERS OF THE NERVOUS SYSTEM"
"100",100,1,"100: SEIZURES W MCC","1: DISEASES & DISORDERS OF THE NERVOUS SYSTEM"
"101",101,1,"101: SEIZURES W/O MCC","1: DISEASES & DISORDERS OF THE NERVOUS SYSTEM"
"102",102,1,"102: HEADACHES W MCC","1: DISEASES & DISORDERS OF THE NERVOUS SYSTEM"
"103",103,1,"103: HEADACHES W/O MCC","1: DISEASES & DISORDERS OF THE NERVOUS SYSTEM"
"113",113,2,"113: ORBITAL PROCEDURES W CC/MCC","2: DISEASES & DISORDERS OF THE EYE"
"114",114,2,"114: ORBITAL PROCEDURES W/O CC/MCC","2: DISEASES & DISORDERS OF THE EYE"
"115",115,2,"115: EXTRAOCULAR PROCEDURES EXCEPT ORBIT","2: DISEASES & DISORDERS OF THE EYE"
"116",116,2,"116: INTRAOCULAR PROCEDURES W CC/MCC","2: DISEASES & DISORDERS OF THE EYE"
"117",117,2,"117: INTRAOCULAR PROCEDURES W/O CC/MCC","2: DISEASES & DISORDERS OF THE EYE"
"121",121,2,"121: ACUTE MAJOR EYE INFECTIONS W CC/MCC","2: DISEASES & DISORDERS OF THE EYE"
"122",122,2,"122: ACUTE MAJOR EYE INFECTIONS W/O CC/MCC","2: DISEASES & DISORDERS OF THE EYE"
"123",123,2,"123: NEUROLOGICAL EYE DISORDERS","2: DISEASES & DISORDERS OF THE EYE"
"124",124,2,"124: OTHER DISORDERS OF THE EYE W MCC","2: DISEASES & DISORDERS OF THE EYE"
"125",125,2,"125: OTHER DISORDERS OF THE EYE W/O MCC","2: DISEASES & DISORDERS OF THE EYE"
"129",129,3,"129: MAJOR HEAD & NECK PROCEDURES W CC/MCC OR MAJOR DEVICE","3: DISEASES & DISORDERS OF THE EAR, NOSE, MOUTH & THROAT"
"130",130,3,"130: MAJOR HEAD & NECK PROCEDURES W/O CC/MCC","3: DISEASES & DISORDERS OF THE EAR, NOSE, MOUTH & THROAT"
"131",131,3,"131: CRANIAL/FACIAL PROCEDURES W CC/MCC","3: DISEASES & DISORDERS OF THE EAR, NOSE, MOUTH & THROAT"
"132",132,3,"132: CRANIAL/FACIAL PROCEDURES W/O CC/MCC","3: DISEASES & DISORDERS OF THE EAR, NOSE, MOUTH & THROAT"
"133",133,3,"133: OTHER EAR, NOSE, MOUTH & THROAT O.R. PROCEDURES W CC/MCC","3: DISEASES & DISORDERS OF THE EAR, NOSE, MOUTH & THROAT"
"134",134,3,"134: OTHER EAR, NOSE, MOUTH & THROAT O.R. PROCEDURES W/O CC/MCC","3: DISEASES & DISORDERS OF THE EAR, NOSE, MOUTH & THROAT"
"135",135,3,"135: SINUS & MASTOID PROCEDURES W CC/MCC","3: DISEASES & DISORDERS OF THE EAR, NOSE, MOUTH & THROAT"
"136",136,3,"136: SINUS & MASTOID PROCEDURES W/O CC/MCC","3: DISEASES & DISORDERS OF THE EAR, NOSE, MOUTH & THROAT"
"137",137,3,"137: MOUTH PROCEDURES W CC/MCC","3: DISEASES & DISORDERS OF THE EAR, NOSE, MOUTH & THROAT"
"138",138,3,"138: MOUTH PROCEDURES W/O CC/MCC","3: DISEASES & DISORDERS OF THE EAR, NOSE, MOUTH & THROAT"
"139",139,3,"139: SALIVARY GLAND PROCEDURES","3: DISEASES & DISORDERS OF THE EAR, NOSE, MOUTH & THROAT"
"146",146,3,"146: EAR, NOSE, MOUTH & THROAT MALIGNANCY W MCC","3: DISEASES & DISORDERS OF THE EAR, NOSE, MOUTH & THROAT"
"147",147,3,"147: EAR, NOSE, MOUTH & THROAT MALIGNANCY W CC","3: DISEASES & DISORDERS OF THE EAR, NOSE, MOUTH & THROAT"
"148",148,3,"148: EAR, NOSE, MOUTH & THROAT MALIGNANCY W/O CC/MCC","3: DISEASES & DISORDERS OF THE EAR, NOSE, MOUTH & THROAT"
"149",149,3,"149: DYSEQUILIBRIUM","3: DISEASES & DISORDERS OF THE EAR, NOSE, MOUTH & THROAT"
"150",150,3,"150: EPISTAXIS W MCC","3: DISEASES & DISORDERS OF THE EAR, NOSE, MOUTH & THROAT"
"151",151,3,"151: EPISTAXIS W/O MCC","3: DISEASES & DISORDERS OF THE EAR, NOSE, MOUTH & THROAT"
"152",152,3,"152: OTITIS MEDIA & URI W MCC","3: DISEASES & DISORDERS OF THE EAR, NOSE, MOUTH & THROAT"
"153",153,3,"153: OTITIS MEDIA & URI W/O MCC","3: DISEASES & DISORDERS OF THE EAR, NOSE, MOUTH & THROAT"
"154",154,3,"154: OTHER EAR, NOSE, MOUTH & THROAT DIAGNOSES W MCC","3: DISEASES & DISORDERS OF THE EAR, NOSE, MOUTH & THROAT"
"155",155,3,"155: OTHER EAR, NOSE, MOUTH & THROAT DIAGNOSES W CC","3: DISEASES & DISORDERS OF THE EAR, NOSE, MOUTH & THROAT"
"156",156,3,"156: OTHER EAR, NOSE, MOUTH & THROAT DIAGNOSES W/O CC/MCC","3: DISEASES & DISORDERS OF THE EAR, NOSE, MOUTH & THROAT"
"157",157,3,"157: DENTAL & ORAL DISEASES W MCC","3: DISEASES & DISORDERS OF THE EAR, NOSE, MOUTH & THROAT"
"158",158,3,"158: DENTAL & ORAL DISEASES W CC","3: DISEASES & DISORDERS OF THE EAR, NOSE, MOUTH & THROAT"
"159",159,3,"159: DENTAL & ORAL DISEASES W/O CC/MCC","3: DISEASES & DISORDERS OF THE EAR, NOSE, MOUTH & THROAT"
"163",163,4,"163: MAJOR CHEST PROCEDURES W MCC","4: DISEASES & DISORDERS OF THE RESPIRATORY SYSTEM"
"164",164,4,"164: MAJOR CHEST PROCEDURES W CC","4: DISEASES & DISORDERS OF THE RESPIRATORY SYSTEM"
"165",165,4,"165: MAJOR CHEST PROCEDURES W/O CC/MCC","4: DISEASES & DISORDERS OF THE RESPIRATORY SYSTEM"
"166",166,4,"166: OTHER RESP SYSTEM O.R. PROCEDURES W MCC","4: DISEASES & DISORDERS OF THE RESPIRATORY SYSTEM"
"167",167,4,"167: OTHER RESP SYSTEM O.R. PROCEDURES W CC","4: DISEASES & DISORDERS OF THE RESPIRATORY SYSTEM"
"168",168,4,"168: OTHER RESP SYSTEM O.R. PROCEDURES W/O CC/MCC","4: DISEASES & DISORDERS OF THE RESPIRATORY SYSTEM"
"175",175,4,"175: PULMONARY EMBOLISM W MCC","4: DISEASES & DISORDERS OF THE RESPIRATORY SYSTEM"
"176",176,4,"176: PULMONARY EMBOLISM W/O MCC","4: DISEASES & DISORDERS OF THE RESPIRATORY SYSTEM"
"177",177,4,"177: RESPIRATORY INFECTIONS & INFLAMMATIONS W MCC","4: DISEASES & DISORDERS OF THE RESPIRATORY SYSTEM"
"178",178,4,"178: RESPIRATORY INFECTIONS & INFLAMMATIONS W CC","4: DISEASES & DISORDERS OF THE RESPIRATORY SYSTEM"
"179",179,4,"179: RESPIRATORY INFECTIONS & INFLAMMATIONS W/O CC/MCC","4: DISEASES & DISORDERS OF THE RESPIRATORY SYSTEM"
"180",180,4,"180: RESPIRATORY NEOPLASMS W MCC","4: DISEASES & DISORDERS OF THE RESPIRATORY SYSTEM"
"181",181,4,"181: RESPIRATORY NEOPLASMS W CC","4: DISEASES & DISORDERS OF THE RESPIRATORY SYSTEM"
"182",182,4,"182: RESPIRATORY NEOPLASMS W/O CC/MCC","4: DISEASES & DISORDERS OF THE RESPIRATORY SYSTEM"
"183",183,4,"183: MAJOR CHEST TRAUMA W MCC","4: DISEASES & DISORDERS OF THE RESPIRATORY SYSTEM"
"184",184,4,"184: MAJOR CHEST TRAUMA W CC","4: DISEASES & DISORDERS OF THE RESPIRATORY SYSTEM"
"185",185,4,"185: MAJOR CHEST TRAUMA W/O CC/MCC","4: DISEASES & DISORDERS OF THE RESPIRATORY SYSTEM"
"186",186,4,"186: PLEURAL EFFUSION W MCC","4: DISEASES & DISORDERS OF THE RESPIRATORY SYSTEM"
"187",187,4,"187: PLEURAL EFFUSION W CC","4: DISEASES & DISORDERS OF THE RESPIRATORY SYSTEM"
"188",188,4,"188: PLEURAL EFFUSION W/O CC/MCC","4: DISEASES & DISORDERS OF THE RESPIRATORY SYSTEM"
"189",189,4,"189: PULMONARY EDEMA & RESPIRATORY FAILURE","4: DISEASES & DISORDERS OF THE RESPIRATORY SYSTEM"
"190",190,4,"190: CHRONIC OBSTRUCTIVE PULMONARY DISEASE W MCC","4: DISEASES & DISORDERS OF THE RESPIRATORY SYSTEM"
"191",191,4,"191: CHRONIC OBSTRUCTIVE PULMONARY DISEASE W CC","4: DISEASES & DISORDERS OF THE RESPIRATORY SYSTEM"
"192",192,4,"192: CHRONIC OBSTRUCTIVE PULMONARY DISEASE W/O CC/MCC","4: DISEASES & DISORDERS OF THE RESPIRATORY SYSTEM"
"193",193,4,"193: SIMPLE PNEUMONIA & PLEURISY W MCC","4: DISEASES & DISORDERS OF THE RESPIRATORY SYSTEM"
"194",194,4,"194: SIMPLE PNEUMONIA & PLEURISY W CC","4: DISEASES & DISORDERS OF THE RESPIRATORY SYSTEM"
"195",195,4,"195: SIMPLE PNEUMONIA & PLEURISY W/O CC/MCC","4: DISEASES & DISORDERS OF THE RESPIRATORY SYSTEM"
"196",196,4,"196: INTERSTITIAL LUNG DISEASE W MCC","4: DISEASES & DISORDERS OF THE RESPIRATORY SYSTEM"
"197",197,4,"197: INTERSTITIAL LUNG DISEASE W CC","4: DISEASES & DISORDERS OF THE RESPIRATORY SYSTEM"
"198",198,4,"198: INTERSTITIAL LUNG DISEASE W/O CC/MCC","4: DISEASES & DISORDERS OF THE RESPIRATORY SYSTEM"
"199",199,4,"199: PNEUMOTHORAX W MCC","4: DISEASES & DISORDERS OF THE RESPIRATORY SYSTEM"
"200",200,4,"200: PNEUMOTHORAX W CC","4: DISEASES & DISORDERS OF THE RESPIRATORY SYSTEM"
"201",201,4,"201: PNEUMOTHORAX W/O CC/MCC","4: DISEASES & DISORDERS OF THE RESPIRATORY SYSTEM"
"202",202,4,"202: BRONCHITIS & ASTHMA W CC/MCC","4: DISEASES & DISORDERS OF THE RESPIRATORY SYSTEM"
"203",203,4,"203: BRONCHITIS & ASTHMA W/O CC/MCC","4: DISEASES & DISORDERS OF THE RESPIRATORY SYSTEM"
"204",204,4,"204: RESPIRATORY SIGNS & SYMPTOMS","4: DISEASES & DISORDERS OF THE RESPIRATORY SYSTEM"
"205",205,4,"205: OTHER RESPIRATORY SYSTEM DIAGNOSES W MCC","4: DISEASES & DISORDERS OF THE RESPIRATORY SYSTEM"
"206",206,4,"206: OTHER RESPIRATORY SYSTEM DIAGNOSES W/O MCC","4: DISEASES & DISORDERS OF THE RESPIRATORY SYSTEM"
"207",207,4,"207: RESPIRATORY SYSTEM DIAGNOSIS W VENTILATOR SUPPORT 96+ HOURS","4: DISEASES & DISORDERS OF THE RESPIRATORY SYSTEM"
"208",208,4,"208: RESPIRATORY SYSTEM DIAGNOSIS W VENTILATOR SUPPORT <96 HOURS","4: DISEASES & DISORDERS OF THE RESPIRATORY SYSTEM"
"215",215,5,"215: OTHER HEART ASSIST SYSTEM IMPLANT","5: DISEASES & DISORDERS OF THE CIRCULATORY SYSTEM"
"216",216,5,"216: CARDIAC VALVE & OTH MAJ CARDIOTHORACIC PROC W CARD CATH W MCC","5: DISEASES & DISORDERS OF THE CIRCULATORY SYSTEM"
"217",217,5,"217: CARDIAC VALVE & OTH MAJ CARDIOTHORACIC PROC W CARD CATH W CC","5: DISEASES & DISORDERS OF THE CIRCULATORY SYSTEM"
"218",218,5,"218: CARDIAC VALVE & OTH MAJ CARDIOTHORACIC PROC W CARD CATH W/O CC/MCC","5: DISEASES & DISORDERS OF THE CIRCULATORY SYSTEM"
"219",219,5,"219: CARDIAC VALVE & OTH MAJ CARDIOTHORACIC PROC W/O CARD CATH W MCC","5: DISEASES & DISORDERS OF THE CIRCULATORY SYSTEM"
"220",220,5,"220: CARDIAC VALVE & OTH MAJ CARDIOTHORACIC PROC W/O CARD CATH W CC","5: DISEASES & DISORDERS OF THE CIRCULATORY SYSTEM"
"221",221,5,"221: CARDIAC VALVE & OTH MAJ CARDIOTHORACIC PROC W/O CARD CATH W/O CC/MCC","5: DISEASES & DISORDERS OF THE CIRCULATORY SYSTEM"
"222",222,5,"222: CARDIAC DEFIB IMPLANT W CARDIAC CATH W AMI/HF/SHOCK W MCC","5: DISEASES & DISORDERS OF THE CIRCULATORY SYSTEM"
"223",223,5,"223: CARDIAC DEFIB IMPLANT W CARDIAC CATH W AMI/HF/SHOCK W/O MCC","5: DISEASES & DISORDERS OF THE CIRCULATORY SYSTEM"
"224",224,5,"224: CARDIAC DEFIB IMPLANT W CARDIAC CATH W/O AMI/HF/SHOCK W MCC","5: DISEASES & DISORDERS OF THE CIRCULATORY SYSTEM"
"225",225,5,"225: CARDIAC DEFIB IMPLANT W CARDIAC CATH W/O AMI/HF/SHOCK W/O MCC","5: DISEASES & DISORDERS OF THE CIRCULATORY SYSTEM"
"226",226,5,"226: CARDIAC DEFIBRILLATOR IMPLANT W/O CARDIAC CATH W MCC","5: DISEASES & DISORDERS OF THE CIRCULATORY SYSTEM"
"227",227,5,"227: CARDIAC DEFIBRILLATOR IMPLANT W/O CARDIAC CATH W/O MCC","5: DISEASES & DISORDERS OF THE CIRCULATORY SYSTEM"
"228",228,5,"228: OTHER CARDIOTHORACIC PROCEDURES W MCC","5: DISEASES & DISORDERS OF THE CIRCULATORY SYSTEM"
"229",229,5,"229: OTHER CARDIOTHORACIC PROCEDURES W CC","5: DISEASES & DISORDERS OF THE CIRCULATORY SYSTEM"
"230",230,5,"230: OTHER CARDIOTHORACIC PROCEDURES W/O CC/MCC","5: DISEASES & DISORDERS OF THE CIRCULATORY SYSTEM"
"231",231,5,"231: CORONARY BYPASS W PTCA W MCC","5: DISEASES & DISORDERS OF THE CIRCULATORY SYSTEM"
"232",232,5,"232: CORONARY BYPASS W PTCA W/O MCC","5: DISEASES & DISORDERS OF THE CIRCULATORY SYSTEM"
"233",233,5,"233: CORONARY BYPASS W CARDIAC CATH W MCC","5: DISEASES & DISORDERS OF THE CIRCULATORY SYSTEM"
"234",234,5,"234: CORONARY BYPASS W CARDIAC CATH W/O MCC","5: DISEASES & DISORDERS OF THE CIRCULATORY SYSTEM"
"235",235,5,"235: CORONARY BYPASS W/O CARDIAC CATH W MCC","5: DISEASES & DISORDERS OF THE CIRCULATORY SYSTEM"
"236",236,5,"236: CORONARY BYPASS W/O CARDIAC CATH W/O MCC","5: DISEASES & DISORDERS OF THE CIRCULATORY SYSTEM"
"237",237,5,"237: MAJOR CARDIOVASC PROCEDURES W MCC","5: DISEASES & DISORDERS OF THE CIRCULATORY SYSTEM"
"238",238,5,"238: MAJOR CARDIOVASC PROCEDURES W/O MCC","5: DISEASES & DISORDERS OF THE CIRCULATORY SYSTEM"
"239",239,5,"239: AMPUTATION FOR CIRC SYS DISORDERS EXC UPPER LIMB & TOE W MCC","5: DISEASES & DISORDERS OF THE CIRCULATORY SYSTEM"
"240",240,5,"240: AMPUTATION FOR CIRC SYS DISORDERS EXC UPPER LIMB & TOE W CC","5: DISEASES & DISORDERS OF THE CIRCULATORY SYSTEM"
"241",241,5,"241: AMPUTATION FOR CIRC SYS DISORDERS EXC UPPER LIMB & TOE W/O CC/MCC","5: DISEASES & DISORDERS OF THE CIRCULATORY SYSTEM"
"242",242,5,"242: PERMANENT CARDIAC PACEMAKER IMPLANT W MCC","5: DISEASES & DISORDERS OF THE CIRCULATORY SYSTEM"
"243",243,5,"243: PERMANENT CARDIAC PACEMAKER IMPLANT W CC","5: DISEASES & DISORDERS OF THE CIRCULATORY SYSTEM"
"244",244,5,"244: PERMANENT CARDIAC PACEMAKER IMPLANT W/O CC/MCC","5: DISEASES & DISORDERS OF THE CIRCULATORY SYSTEM"
"245",245,5,"245: AICD GENERATOR PROCEDURES","5: DISEASES & DISORDERS OF THE CIRCULATORY SYSTEM"
"246",246,5,"246: PERC CARDIOVASC PROC W DRUG-ELUTING STENT W MCC OR 4+ VESSELS/STENTS","5: DISEASES & DISORDERS OF THE CIRCULATORY SYSTEM"
"247",247,5,"247: PERC CARDIOVASC PROC W DRUG-ELUTING STENT W/O MCC","5: DISEASES & DISORDERS OF THE CIRCULATORY SYSTEM"
"248",248,5,"248: PERC CARDIOVASC PROC W NON-DRUG-ELUTING STENT W MCC OR 4+ VES/STENTS","5: DISEASES & DISORDERS OF THE CIRCULATORY SYSTEM"
"249",249,5,"249: PERC CARDIOVASC PROC W NON-DRUG-ELUTING STENT W/O MCC","5: DISEASES & DISORDERS OF THE CIRCULATORY SYSTEM"
"250",250,5,"250: PERC CARDIOVASC PROC W/O CORONARY ARTERY STENT W MCC","5: DISEASES & DISORDERS OF THE CIRCULATORY SYSTEM"
"251",251,5,"251: PERC CARDIOVASC PROC W/O CORONARY ARTERY STENT W/O MCC","5: DISEASES & DISORDERS OF THE CIRCULATORY SYSTEM"
"252",252,5,"252: OTHER VASCULAR PROCEDURES W MCC","5: DISEASES & DISORDERS OF THE CIRCULATORY SYSTEM"
"253",253,5,"253: OTHER VASCULAR PROCEDURES W CC","5: DISEASES & DISORDERS OF THE CIRCULATORY SYSTEM"
"254",254,5,"254: OTHER VASCULAR PROCEDURES W/O CC/MCC","5: DISEASES & DISORDERS OF THE CIRCULATORY SYSTEM"
"255",255,5,"255: UPPER LIMB & TOE AMPUTATION FOR CIRC SYSTEM DISORDERS W MCC","5: DISEASES & DISORDERS OF THE CIRCULATORY SYSTEM"
"256",256,5,"256: UPPER LIMB & TOE AMPUTATION FOR CIRC SYSTEM DISORDERS W CC","5: DISEASES & DISORDERS OF THE CIRCULATORY SYSTEM"
"257",257,5,"257: UPPER LIMB & TOE AMPUTATION FOR CIRC SYSTEM DISORDERS W/O CC/MCC","5: DISEASES & DISORDERS OF THE CIRCULATORY SYSTEM"
"258",258,5,"258: CARDIAC PACEMAKER DEVICE REPLACEMENT W MCC","5: DISEASES & DISORDERS OF THE CIRCULATORY SYSTEM"
"259",259,5,"259: CARDIAC PACEMAKER DEVICE REPLACEMENT W/O MCC","5: DISEASES & DISORDERS OF THE CIRCULATORY SYSTEM"
"260",260,5,"260: CARDIAC PACEMAKER REVISION EXCEPT DEVICE REPLACEMENT W MCC","5: DISEASES & DISORDERS OF THE CIRCULATORY SYSTEM"
"261",261,5,"261: CARDIAC PACEMAKER REVISION EXCEPT DEVICE REPLACEMENT W CC","5: DISEASES & DISORDERS OF THE CIRCULATORY SYSTEM"
"262",262,5,"262: CARDIAC PACEMAKER REVISION EXCEPT DEVICE REPLACEMENT W/O CC/MCC","5: DISEASES & DISORDERS OF THE CIRCULATORY SYSTEM"
"263",263,5,"263: VEIN LIGATION & STRIPPING","5: DISEASES & DISORDERS OF THE CIRCULATORY SYSTEM"
"264",264,5,"264: OTHER CIRCULATORY SYSTEM O.R. PROCEDURES","5: DISEASES & DISORDERS OF THE CIRCULATORY SYSTEM"
"265",265,5,"265: AICD LEAD PROCEDURES","5: DISEASES & DISORDERS OF THE CIRCULATORY SYSTEM"
"280",280,5,"280: ACUTE MYOCARDIAL INFARCTION, DISCHARGED ALIVE W MCC","5: DISEASES & DISORDERS OF THE CIRCULATORY SYSTEM"
"281",281,5,"281: ACUTE MYOCARDIAL INFARCTION, DISCHARGED ALIVE W CC","5: DISEASES & DISORDERS OF THE CIRCULATORY SYSTEM"
"282",282,5,"282: ACUTE MYOCARDIAL INFARCTION, DISCHARGED ALIVE W/O CC/MCC","5: DISEASES & DISORDERS OF THE CIRCULATORY SYSTEM"
"283",283,5,"283: ACUTE MYOCARDIAL INFARCTION, EXPIRED W MCC","5: DISEASES & DISORDERS OF THE CIRCULATORY SYSTEM"
"284",284,5,"284: ACUTE MYOCARDIAL INFARCTION, EXPIRED W CC","5: DISEASES & DISORDERS OF THE CIRCULATORY SYSTEM"
"285",285,5,"285: ACUTE MYOCARDIAL INFARCTION, EXPIRED W/O CC/MCC","5: DISEASES & DISORDERS OF THE CIRCULATORY SYSTEM"
"286",286,5,"286: CIRCULATORY DISORDERS EXCEPT AMI, W CARD CATH W MCC","5: DISEASES & DISORDERS OF THE CIRCULATORY SYSTEM"
"287",287,5,"287: CIRCULATORY DISORDERS EXCEPT AMI, W CARD CATH W/O MCC","5: DISEASES & DISORDERS OF THE CIRCULATORY SYSTEM"
"288",288,5,"288: ACUTE & SUBACUTE ENDOCARDITIS W MCC","5: DISEASES & DISORDERS OF THE CIRCULATORY SYSTEM"
"289",289,5,"289: ACUTE & SUBACUTE ENDOCARDITIS W CC","5: DISEASES & DISORDERS OF THE CIRCULATORY SYSTEM"
"290",290,5,"290: ACUTE & SUBACUTE ENDOCARDITIS W/O CC/MCC","5: DISEASES & DISORDERS OF THE CIRCULATORY SYSTEM"
"291",291,5,"291: HEART FAILURE & SHOCK W MCC","5: DISEASES & DISORDERS OF THE CIRCULATORY SYSTEM"
"292",292,5,"292: HEART FAILURE & SHOCK W CC","5: DISEASES & DISORDERS OF THE CIRCULATORY SYSTEM"
"293",293,5,"293: HEART FAILURE & SHOCK W/O CC/MCC","5: DISEASES & DISORDERS OF THE CIRCULATORY SYSTEM"
"294",294,5,"294: DEEP VEIN THROMBOPHLEBITIS W CC/MCC","5: DISEASES & DISORDERS OF THE CIRCULATORY SYSTEM"
"295",295,5,"295: DEEP VEIN THROMBOPHLEBITIS W/O CC/MCC","5: DISEASES & DISORDERS OF THE CIRCULATORY SYSTEM"
"296",296,5,"296: CARDIAC ARREST, UNEXPLAINED W MCC","5: DISEASES & DISORDERS OF THE CIRCULATORY SYSTEM"
"297",297,5,"297: CARDIAC ARREST, UNEXPLAINED W CC","5: DISEASES & DISORDERS OF THE CIRCULATORY SYSTEM"
"298",298,5,"298: CARDIAC ARREST, UNEXPLAINED W/O CC/MCC","5: DISEASES & DISORDERS OF THE CIRCULATORY SYSTEM"
"299",299,5,"299: PERIPHERAL VASCULAR DISORDERS W MCC","5: DISEASES & DISORDERS OF THE CIRCULATORY SYSTEM"
"300",300,5,"300: PERIPHERAL VASCULAR DISORDERS W CC","5: DISEASES & DISORDERS OF THE CIRCULATORY SYSTEM"
"301",301,5,"301: PERIPHERAL VASCULAR DISORDERS W/O CC/MCC","5: DISEASES & DISORDERS OF THE CIRCULATORY SYSTEM"
"302",302,5,"302: ATHEROSCLEROSIS W MCC","5: DISEASES & DISORDERS OF THE CIRCULATORY SYSTEM"
"303",303,5,"303: ATHEROSCLEROSIS W/O MCC","5: DISEASES & DISORDERS OF THE CIRCULATORY SYSTEM"
"304",304,5,"304: HYPERTENSION W MCC","5: DISEASES & DISORDERS OF THE CIRCULATORY SYSTEM"
"305",305,5,"305: HYPERTENSION W/O MCC","5: DISEASES & DISORDERS OF THE CIRCULATORY SYSTEM"
"306",306,5,"306: CARDIAC CONGENITAL & VALVULAR DISORDERS W MCC","5: DISEASES & DISORDERS OF THE CIRCULATORY SYSTEM"
"307",307,5,"307: CARDIAC CONGENITAL & VALVULAR DISORDERS W/O MCC","5: DISEASES & DISORDERS OF THE CIRCULATORY SYSTEM"
"308",308,5,"308: CARDIAC ARRHYTHMIA & CONDUCTION DISORDERS W MCC","5: DISEASES & DISORDERS OF THE CIRCULATORY SYSTEM"
"309",309,5,"309: CARDIAC ARRHYTHMIA & CONDUCTION DISORDERS W CC","5: DISEASES & DISORDERS OF THE CIRCULATORY SYSTEM"
"310",310,5,"310: CARDIAC ARRHYTHMIA & CONDUCTION DISORDERS W/O CC/MCC","5: DISEASES & DISORDERS OF THE CIRCULATORY SYSTEM"
"311",311,5,"311: ANGINA PECTORIS","5: DISEASES & DISORDERS OF THE CIRCULATORY SYSTEM"
"312",312,5,"312: SYNCOPE & COLLAPSE","5: DISEASES & DISORDERS OF THE CIRCULATORY SYSTEM"
"313",313,5,"313: CHEST PAIN","5: DISEASES & DISORDERS OF THE CIRCULATORY SYSTEM"
"314",314,5,"314: OTHER CIRCULATORY SYSTEM DIAGNOSES W MCC","5: DISEASES & DISORDERS OF THE CIRCULATORY SYSTEM"
"315",315,5,"315: OTHER CIRCULATORY SYSTEM DIAGNOSES W CC","5: DISEASES & DISORDERS OF THE CIRCULATORY SYSTEM"
"316",316,5,"316: OTHER CIRCULATORY SYSTEM DIAGNOSES W/O CC/MCC","5: DISEASES & DISORDERS OF THE CIRCULATORY SYSTEM"
"326",326,6,"326: STOMACH, ESOPHAGEAL & DUODENAL PROC W MCC","6: DISEASES & DISORDERS OF THE DIGESTIVE SYSTEM"
"327",327,6,"327: STOMACH, ESOPHAGEAL & DUODENAL PROC W CC","6: DISEASES & DISORDERS OF THE DIGESTIVE SYSTEM"
"328",328,6,"328: STOMACH, ESOPHAGEAL & DUODENAL PROC W/O CC/MCC","6: DISEASES & DISORDERS OF THE DIGESTIVE SYSTEM"
"329",329,6,"329: MAJOR SMALL & LARGE BOWEL PROCEDURES W MCC","6: DISEASES & DISORDERS OF THE DIGESTIVE SYSTEM"
"330",330,6,"330: MAJOR SMALL & LARGE BOWEL PROCEDURES W CC","6: DISEASES & DISORDERS OF THE DIGESTIVE SYSTEM"
"331",331,6,"331: MAJOR SMALL & LARGE BOWEL PROCEDURES W/O CC/MCC","6: DISEASES & DISORDERS OF THE DIGESTIVE SYSTEM"
"332",332,6,"332: RECTAL RESECTION W MCC","6: DISEASES & DISORDERS OF THE DIGESTIVE SYSTEM"
"333",333,6,"333: RECTAL RESECTION W CC","6: DISEASES & DISORDERS OF THE DIGESTIVE SYSTEM"
"334",334,6,"334: RECTAL RESECTION W/O CC/MCC","6: DISEASES & DISORDERS OF THE DIGESTIVE SYSTEM"
"335",335,6,"335: PERITONEAL ADHESIOLYSIS W MCC","6: DISEASES & DISORDERS OF THE DIGESTIVE SYSTEM"
"336",336,6,"336: PERITONEAL ADHESIOLYSIS W CC","6: DISEASES & DISORDERS OF THE DIGESTIVE SYSTEM"
"337",337,6,"337: PERITONEAL ADHESIOLYSIS W/O CC/MCC","6: DISEASES & DISORDERS OF THE DIGESTIVE SYSTEM"
"338",338,6,"338: APPENDECTOMY W COMPLICATED PRINCIPAL DIAG W MCC","6: DISEASES & DISORDERS OF THE DIGESTIVE SYSTEM"
"339",339,6,"339: APPENDECTOMY W COMPLICATED PRINCIPAL DIAG W CC","6: DISEASES & DISORDERS OF THE DIGESTIVE SYSTEM"
"340",340,6,"340: APPENDECTOMY W COMPLICATED PRINCIPAL DIAG W/O CC/MCC","6: DISEASES & DISORDERS OF THE DIGESTIVE SYSTEM"
"341",341,6,"341: APPENDECTOMY W/O COMPLICATED PRINCIPAL DIAG W MCC","6: DISEASES & DISORDERS OF THE DIGESTIVE SYSTEM"
"342",342,6,"342: APPENDECTOMY W/O COMPLICATED PRINCIPAL DIAG W CC","6: DISEASES & DISORDERS OF THE DIGESTIVE SYSTEM"
"343",343,6,"343: APPENDECTOMY W/O COMPLICATED PRINCIPAL DIAG W/O CC/MCC","6: DISEASES & DISORDERS OF THE DIGESTIVE SYSTEM"
"344",344,6,"344: MINOR SMALL & LARGE BOWEL PROCEDURES W MCC","6: DISEASES & DISORDERS OF THE DIGESTIVE SYSTEM"
"345",345,6,"345: MINOR SMALL & LARGE BOWEL PROCEDURES W CC","6: DISEASES & DISORDERS OF THE DIGESTIVE SYSTEM"
"346",346,6,"346: MINOR SMALL & LARGE BOWEL PROCEDURES W/O CC/MCC","6: DISEASES & DISORDERS OF THE DIGESTIVE SYSTEM"
"347",347,6,"347: ANAL & STOMAL PROCEDURES W MCC","6: DISEASES & DISORDERS OF THE DIGESTIVE SYSTEM"
"348",348,6,"348: ANAL & STOMAL PROCEDURES W CC","6: DISEASES & DISORDERS OF THE DIGESTIVE SYSTEM"
"349",349,6,"349: ANAL & STOMAL PROCEDURES W/O CC/MCC","6: DISEASES & DISORDERS OF THE DIGESTIVE SYSTEM"
"350",350,6,"350: INGUINAL & FEMORAL HERNIA PROCEDURES W MCC","6: DISEASES & DISORDERS OF THE DIGESTIVE SYSTEM"
"351",351,6,"351: INGUINAL & FEMORAL HERNIA PROCEDURES W CC","6: DISEASES & DISORDERS OF THE DIGESTIVE SYSTEM"
"352",352,6,"352: INGUINAL & FEMORAL HERNIA PROCEDURES W/O CC/MCC","6: DISEASES & DISORDERS OF THE DIGESTIVE SYSTEM"
"353",353,6,"353: HERNIA PROCEDURES EXCEPT INGUINAL & FEMORAL W MCC","6: DISEASES & DISORDERS OF THE DIGESTIVE SYSTEM"
"354",354,6,"354: HERNIA PROCEDURES EXCEPT INGUINAL & FEMORAL W CC","6: DISEASES & DISORDERS OF THE DIGESTIVE SYSTEM"
"355",355,6,"355: HERNIA PROCEDURES EXCEPT INGUINAL & FEMORAL W/O CC/MCC","6: DISEASES & DISORDERS OF THE DIGESTIVE SYSTEM"
"356",356,6,"356: OTHER DIGESTIVE SYSTEM O.R. PROCEDURES W MCC","6: DISEASES & DISORDERS OF THE DIGESTIVE SYSTEM"
"357",357,6,"357: OTHER DIGESTIVE SYSTEM O.R. PROCEDURES W CC","6: DISEASES & DISORDERS OF THE DIGESTIVE SYSTEM"
"358",358,6,"358: OTHER DIGESTIVE SYSTEM O.R. PROCEDURES W/O CC/MCC","6: DISEASES & DISORDERS OF THE DIGESTIVE SYSTEM"
"368",368,6,"368: MAJOR ESOPHAGEAL DISORDERS W MCC","6: DISEASES & DISORDERS OF THE DIGESTIVE SYSTEM"
"369",369,6,"369: MAJOR ESOPHAGEAL DISORDERS W CC","6: DISEASES & DISORDERS OF THE DIGESTIVE SYSTEM"
"370",370,6,"370: MAJOR ESOPHAGEAL DISORDERS W/O CC/MCC","6: DISEASES & DISORDERS OF THE DIGESTIVE SYSTEM"
"371",371,6,"371: MAJOR GASTROINTESTINAL DISORDERS & PERITONEAL INFECTIONS W MCC","6: DISEASES & DISORDERS OF THE DIGESTIVE SYSTEM"
"372",372,6,"372: MAJOR GASTROINTESTINAL DISORDERS & PERITONEAL INFECTIONS W CC","6: DISEASES & DISORDERS OF THE DIGESTIVE SYSTEM"
"373",373,6,"373: MAJOR GASTROINTESTINAL DISORDERS & PERITONEAL INFECTIONS W/O CC/MCC","6: DISEASES & DISORDERS OF THE DIGESTIVE SYSTEM"
"374",374,6,"374: DIGESTIVE MALIGNANCY W MCC","6: DISEASES & DISORDERS OF THE DIGESTIVE SYSTEM"
"375",375,6,"375: DIGESTIVE MALIGNANCY W CC","6: DISEASES & DISORDERS OF THE DIGESTIVE SYSTEM"
"376",376,6,"376: DIGESTIVE MALIGNANCY W/O CC/MCC","6: DISEASES & DISORDERS OF THE DIGESTIVE SYSTEM"
"377",377,6,"377: G.I. HEMORRHAGE W MCC","6: DISEASES & DISORDERS OF THE DIGESTIVE SYSTEM"
"378",378,6,"378: G.I. HEMORRHAGE W CC","6: DISEASES & DISORDERS OF THE DIGESTIVE SYSTEM"
"379",379,6,"379: G.I. HEMORRHAGE W/O CC/MCC","6: DISEASES & DISORDERS OF THE DIGESTIVE SYSTEM"
"380",380,6,"380: COMPLICATED PEPTIC ULCER W MCC","6: DISEASES & DISORDERS OF THE DIGESTIVE SYSTEM"
"381",381,6,"381: COMPLICATED PEPTIC ULCER W CC","6: DISEASES & DISORDERS OF THE DIGESTIVE SYSTEM"
"382",382,6,"382: COMPLICATED PEPTIC ULCER W/O CC/MCC","6: DISEASES & DISORDERS OF THE DIGESTIVE SYSTEM"
"383",383,6,"383: UNCOMPLICATED PEPTIC ULCER W MCC","6: DISEASES & DISORDERS OF THE DIGESTIVE SYSTEM"
"384",384,6,"384: UNCOMPLICATED PEPTIC ULCER W/O MCC","6: DISEASES & DISORDERS OF THE DIGESTIVE SYSTEM"
"385",385,6,"385: INFLAMMATORY BOWEL DISEASE W MCC","6: DISEASES & DISORDERS OF THE DIGESTIVE SYSTEM"
"386",386,6,"386: INFLAMMATORY BOWEL DISEASE W CC","6: DISEASES & DISORDERS OF THE DIGESTIVE SYSTEM"
"387",387,6,"387: INFLAMMATORY BOWEL DISEASE W/O CC/MCC","6: DISEASES & DISORDERS OF THE DIGESTIVE SYSTEM"
"388",388,6,"388: G.I. OBSTRUCTION W MCC","6: DISEASES & DISORDERS OF THE DIGESTIVE SYSTEM"
"389",389,6,"389: G.I. OBSTRUCTION W CC","6: DISEASES & DISORDERS OF THE DIGESTIVE SYSTEM"
"390",390,6,"390: G.I. OBSTRUCTION W/O CC/MCC","6: DISEASES & DISORDERS OF THE DIGESTIVE SYSTEM"
"391",391,6,"391: ESOPHAGITIS, GASTROENT & MISC DIGEST DISORDERS W MCC","6: DISEASES & DISORDERS OF THE DIGESTIVE SYSTEM"
"392",392,6,"392: ESOPHAGITIS, GASTROENT & MISC DIGEST DISORDERS W/O MCC","6: DISEASES & DISORDERS OF THE DIGESTIVE SYSTEM"
"393",393,6,"393: OTHER DIGESTIVE SYSTEM DIAGNOSES W MCC","6: DISEASES & DISORDERS OF THE DIGESTIVE SYSTEM"
"394",394,6,"394: OTHER DIGESTIVE SYSTEM DIAGNOSES W CC","6: DISEASES & DISORDERS OF THE DIGESTIVE SYSTEM"
"395",395,6,"395: OTHER DIGESTIVE SYSTEM DIAGNOSES W/O CC/MCC","6: DISEASES & DISORDERS OF THE DIGESTIVE SYSTEM"
"405",405,7,"405: PANCREAS, LIVER & SHUNT PROCEDURES W MCC","7: DISEASES & DISORDERS OF THE HEPATOBILIARY SYSTEM & PANCREAS"
"406",406,7,"406: PANCREAS, LIVER & SHUNT PROCEDURES W CC","7: DISEASES & DISORDERS OF THE HEPATOBILIARY SYSTEM & PANCREAS"
"407",407,7,"407: PANCREAS, LIVER & SHUNT PROCEDURES W/O CC/MCC","7: DISEASES & DISORDERS OF THE HEPATOBILIARY SYSTEM & PANCREAS"
"408",408,7,"408: BILIARY TRACT PROC EXCEPT ONLY CHOLECYST W OR W/O C.D.E. W MCC","7: DISEASES & DISORDERS OF THE HEPATOBILIARY SYSTEM & PANCREAS"
"409",409,7,"409: BILIARY TRACT PROC EXCEPT ONLY CHOLECYST W OR W/O C.D.E. W CC","7: DISEASES & DISORDERS OF THE HEPATOBILIARY SYSTEM & PANCREAS"
"410",410,7,"410: BILIARY TRACT PROC EXCEPT ONLY CHOLECYST W OR W/O C.D.E. W/O CC/MCC","7: DISEASES & DISORDERS OF THE HEPATOBILIARY SYSTEM & PANCREAS"
"411",411,7,"411: CHOLECYSTECTOMY W C.D.E. W MCC","7: DISEASES & DISORDERS OF THE HEPATOBILIARY SYSTEM & PANCREAS"
"412",412,7,"412: CHOLECYSTECTOMY W C.D.E. W CC","7: DISEASES & DISORDERS OF THE HEPATOBILIARY SYSTEM & PANCREAS"
"413",413,7,"413: CHOLECYSTECTOMY W C.D.E. W/O CC/MCC","7: DISEASES & DISORDERS OF THE HEPATOBILIARY SYSTEM & PANCREAS"
"414",414,7,"414: CHOLECYSTECTOMY EXCEPT BY LAPAROSCOPE W/O C.D.E. W MCC","7: DISEASES & DISORDERS OF THE HEPATOBILIARY SYSTEM & PANCREAS"
"415",415,7,"415: CHOLECYSTECTOMY EXCEPT BY LAPAROSCOPE W/O C.D.E. W CC","7: DISEASES & DISORDERS OF THE HEPATOBILIARY SYSTEM & PANCREAS"
"416",416,7,"416: CHOLECYSTECTOMY EXCEPT BY LAPAROSCOPE W/O C.D.E. W/O CC/MCC","7: DISEASES & DISORDERS OF THE HEPATOBILIARY SYSTEM & PANCREAS"
"417",417,7,"417: LAPAROSCOPIC CHOLECYSTECTOMY W/O C.D.E. W MCC","7: DISEASES & DISORDERS OF THE HEPATOBILIARY SYSTEM & PANCREAS"
"418",418,7,"418: LAPAROSCOPIC CHOLECYSTECTOMY W/O C.D.E. W CC","7: DISEASES & DISORDERS OF THE HEPATOBILIARY SYSTEM & PANCREAS"
"419",419,7,"419: LAPAROSCOPIC CHOLECYSTECTOMY W/O C.D.E. W/O CC/MCC","7: DISEASES & DISORDERS OF THE HEPATOBILIARY SYSTEM & PANCREAS"
"420",420,7,"420: HEPATOBILIARY DIAGNOSTIC PROCEDURES W MCC","7: DISEASES & DISORDERS OF THE HEPATOBILIARY SYSTEM & PANCREAS"
"421",421,7,"421: HEPATOBILIARY DIAGNOSTIC PROCEDURES W CC","7: DISEASES & DISORDERS OF THE HEPATOBILIARY SYSTEM & PANCREAS"
"422",422,7,"422: HEPATOBILIARY DIAGNOSTIC PROCEDURES W/O CC/MCC","7: DISEASES & DISORDERS OF THE HEPATOBILIARY SYSTEM & PANCREAS"
"423",423,7,"423: OTHER HEPATOBILIARY OR PANCREAS O.R. PROCEDURES W MCC","7: DISEASES & DISORDERS OF THE HEPATOBILIARY SYSTEM & PANCREAS"
"424",424,7,"424: OTHER HEPATOBILIARY OR PANCREAS O.R. PROCEDURES W CC","7: DISEASES & DISORDERS OF THE HEPATOBILIARY SYSTEM & PANCREAS"
"425",425,7,"425: OTHER HEPATOBILIARY OR PANCREAS O.R. PROCEDURES W/O CC/MCC","7: DISEASES & DISORDERS OF THE HEPATOBILIARY SYSTEM & PANCREAS"
"432",432,7,"432: CIRRHOSIS & ALCOHOLIC HEPATITIS W MCC","7: DISEASES & DISORDERS OF THE HEPATOBILIARY SYSTEM & PANCREAS"
"433",433,7,"433: CIRRHOSIS & ALCOHOLIC HEPATITIS W CC","7: DISEASES & DISORDERS OF THE HEPATOBILIARY SYSTEM & PANCREAS"
"434",434,7,"434: CIRRHOSIS & ALCOHOLIC HEPATITIS W/O CC/MCC","7: DISEASES & DISORDERS OF THE HEPATOBILIARY SYSTEM & PANCREAS"
"435",435,7,"435: MALIGNANCY OF HEPATOBILIARY SYSTEM OR PANCREAS W MCC","7: DISEASES & DISORDERS OF THE HEPATOBILIARY SYSTEM & PANCREAS"
"436",436,7,"436: MALIGNANCY OF HEPATOBILIARY SYSTEM OR PANCREAS W CC","7: DISEASES & DISORDERS OF THE HEPATOBILIARY SYSTEM & PANCREAS"
"437",437,7,"437: MALIGNANCY OF HEPATOBILIARY SYSTEM OR PANCREAS W/O CC/MCC","7: DISEASES & DISORDERS OF THE HEPATOBILIARY SYSTEM & PANCREAS"
"438",438,7,"438: DISORDERS OF PANCREAS EXCEPT MALIGNANCY W MCC","7: DISEASES & DISORDERS OF THE HEPATOBILIARY SYSTEM & PANCREAS"
"439",439,7,"439: DISORDERS OF PANCREAS EXCEPT MALIGNANCY W CC","7: DISEASES & DISORDERS OF THE HEPATOBILIARY SYSTEM & PANCREAS"
"440",440,7,"440: DISORDERS OF PANCREAS EXCEPT MALIGNANCY W/O CC/MCC","7: DISEASES & DISORDERS OF THE HEPATOBILIARY SYSTEM & PANCREAS"
"441",441,7,"441: DISORDERS OF LIVER EXCEPT MALIG,CIRR,ALC HEPA W MCC","7: DISEASES & DISORDERS OF THE HEPATOBILIARY SYSTEM & PANCREAS"
"442",442,7,"442: DISORDERS OF LIVER EXCEPT MALIG,CIRR,ALC HEPA W CC","7: DISEASES & DISORDERS OF THE HEPATOBILIARY SYSTEM & PANCREAS"
"443",443,7,"443: DISORDERS OF LIVER EXCEPT MALIG,CIRR,ALC HEPA W/O CC/MCC","7: DISEASES & DISORDERS OF THE HEPATOBILIARY SYSTEM & PANCREAS"
"444",444,7,"444: DISORDERS OF THE BILIARY TRACT W MCC","7: DISEASES & DISORDERS OF THE HEPATOBILIARY SYSTEM & PANCREAS"
"445",445,7,"445: DISORDERS OF THE BILIARY TRACT W CC","7: DISEASES & DISORDERS OF THE HEPATOBILIARY SYSTEM & PANCREAS"
"446",446,7,"446: DISORDERS OF THE BILIARY TRACT W/O CC/MCC","7: DISEASES & DISORDERS OF THE HEPATOBILIARY SYSTEM & PANCREAS"
"453",453,8,"453: COMBINED ANTERIOR/POSTERIOR SPINAL FUSION W MCC","8: DISEASES & DISORDERS OF THE MUSCULOSKELETAL SYSTEM & CONN TISSUE"
"454",454,8,"454: COMBINED ANTERIOR/POSTERIOR SPINAL FUSION W CC","8: DISEASES & DISORDERS OF THE MUSCULOSKELETAL SYSTEM & CONN TISSUE"
"455",455,8,"455: COMBINED ANTERIOR/POSTERIOR SPINAL FUSION W/O CC/MCC","8: DISEASES & DISORDERS OF THE MUSCULOSKELETAL SYSTEM & CONN TISSUE"
"456",456,8,"456: SPINAL FUS EXC CERV W SPINAL CURV/MALIG/INFEC OR 9+ FUS W MCC","8: DISEASES & DISORDERS OF THE MUSCULOSKELETAL SYSTEM & CONN TISSUE"
"457",457,8,"457: SPINAL FUS EXC CERV W SPINAL CURV/MALIG/INFEC OR 9+ FUS W CC","8: DISEASES & DISORDERS OF THE MUSCULOSKELETAL SYSTEM & CONN TISSUE"
"458",458,8,"458: SPINAL FUS EXC CERV W SPINAL CURV/MALIG/INFEC OR 9+ FUS W/O CC/MCC","8: DISEASES & DISORDERS OF THE MUSCULOSKELETAL SYSTEM & CONN TISSUE"
"459",459,8,"459: SPINAL FUSION EXCEPT CERVICAL W MCC","8: DISEASES & DISORDERS OF THE MUSCULOSKELETAL SYSTEM & CONN TISSUE"
"460",460,8,"460: SPINAL FUSION EXCEPT CERVICAL W/O MCC","8: DISEASES & DISORDERS OF THE MUSCULOSKELETAL SYSTEM & CONN TISSUE"
"461",461,8,"461: BILATERAL OR MULTIPLE MAJOR JOINT PROCS OF LOWER EXTREMITY W MCC","8: DISEASES & DISORDERS OF THE MUSCULOSKELETAL SYSTEM & CONN TISSUE"
"462",462,8,"462: BILATERAL OR MULTIPLE MAJOR JOINT PROCS OF LOWER EXTREMITY W/O MCC","8: DISEASES & DISORDERS OF THE MUSCULOSKELETAL SYSTEM & CONN TISSUE"
"463",463,8,"463: WND DEBRID & SKN GRFT EXC HAND, FOR MUSCULO-CONN TISS DIS W MCC","8: DISEASES & DISORDERS OF THE MUSCULOSKELETAL SYSTEM & CONN TISSUE"
"464",464,8,"464: WND DEBRID & SKN GRFT EXC HAND, FOR MUSCULO-CONN TISS DIS W CC","8: DISEASES & DISORDERS OF THE MUSCULOSKELETAL SYSTEM & CONN TISSUE"
"465",465,8,"465: WND DEBRID & SKN GRFT EXC HAND, FOR MUSCULO-CONN TISS DIS W/O CC/MCC","8: DISEASES & DISORDERS OF THE MUSCULOSKELETAL SYSTEM & CONN TISSUE"
"466",466,8,"466: REVISION OF HIP OR KNEE REPLACEMENT W MCC","8: DISEASES & DISORDERS OF THE MUSCULOSKELETAL SYSTEM & CONN TISSUE"
"467",467,8,"467: REVISION OF HIP OR KNEE REPLACEMENT W CC","8: DISEASES & DISORDERS OF THE MUSCULOSKELETAL SYSTEM & CONN TISSUE"
"468",468,8,"468: REVISION OF HIP OR KNEE REPLACEMENT W/O CC/MCC","8: DISEASES & DISORDERS OF THE MUSCULOSKELETAL SYSTEM & CONN TISSUE"
"469",469,8,"469: MAJOR JOINT REPLACEMENT OR REATTACHMENT OF LOWER EXTREMITY W MCC","8: DISEASES & DISORDERS OF THE MUSCULOSKELETAL SYSTEM & CONN TISSUE"
"470",470,8,"470: MAJOR JOINT REPLACEMENT OR REATTACHMENT OF LOWER EXTREMITY W/O MCC","8: DISEASES & DISORDERS OF THE MUSCULOSKELETAL SYSTEM & CONN TISSUE"
"471",471,8,"471: CERVICAL SPINAL FUSION W MCC","8: DISEASES & DISORDERS OF THE MUSCULOSKELETAL SYSTEM & CONN TISSUE"
"472",472,8,"472: CERVICAL SPINAL FUSION W CC","8: DISEASES & DISORDERS OF THE MUSCULOSKELETAL SYSTEM & CONN TISSUE"
"473",473,8,"473: CERVICAL SPINAL FUSION W/O CC/MCC","8: DISEASES & DISORDERS OF THE MUSCULOSKELETAL SYSTEM & CONN TISSUE"
"474",474,8,"474: AMPUTATION FOR MUSCULOSKELETAL SYS & CONN TISSUE DIS W MCC","8: DISEASES & DISORDERS OF THE MUSCULOSKELETAL SYSTEM & CONN TISSUE"
"475",475,8,"475: AMPUTATION FOR MUSCULOSKELETAL SYS & CONN TISSUE DIS W CC","8: DISEASES & DISORDERS OF THE MUSCULOSKELETAL SYSTEM & CONN TISSUE"
"476",476,8,"476: AMPUTATION FOR MUSCULOSKELETAL SYS & CONN TISSUE DIS W/O CC/MCC","8: DISEASES & DISORDERS OF THE MUSCULOSKELETAL SYSTEM & CONN TISSUE"
"477",477,8,"477: BIOPSIES OF MUSCULOSKELETAL SYSTEM & CONNECTIVE TISSUE W MCC","8: DISEASES & DISORDERS OF THE MUSCULOSKELETAL SYSTEM & CONN TISSUE"
"478",478,8,"478: BIOPSIES OF MUSCULOSKELETAL SYSTEM & CONNECTIVE TISSUE W CC","8: DISEASES & DISORDERS OF THE MUSCULOSKELETAL SYSTEM & CONN TISSUE"
"479",479,8,"479: BIOPSIES OF MUSCULOSKELETAL SYSTEM & CONNECTIVE TISSUE W/O CC/MCC","8: DISEASES & DISORDERS OF THE MUSCULOSKELETAL SYSTEM & CONN TISSUE"
"480",480,8,"480: HIP & FEMUR PROCEDURES EXCEPT MAJOR JOINT W MCC","8: DISEASES & DISORDERS OF THE MUSCULOSKELETAL SYSTEM & CONN TISSUE"
"481",481,8,"481: HIP & FEMUR PROCEDURES EXCEPT MAJOR JOINT W CC","8: DISEASES & DISORDERS OF THE MUSCULOSKELETAL SYSTEM & CONN TISSUE"
"482",482,8,"482: HIP & FEMUR PROCEDURES EXCEPT MAJOR JOINT W/O CC/MCC","8: DISEASES & DISORDERS OF THE MUSCULOSKELETAL SYSTEM & CONN TISSUE"
"483",483,8,"483: MAJOR JOINT & LIMB REATTACHMENT PROC OF UPPER EXTREMITY W CC/MCC","8: DISEASES & DISORDERS OF THE MUSCULOSKELETAL SYSTEM & CONN TISSUE"
"484",484,8,"484: MAJOR JOINT & LIMB REATTACHMENT PROC OF UPPER EXTREMITY W/O CC/MCC","8: DISEASES & DISORDERS OF THE MUSCULOSKELETAL SYSTEM & CONN TISSUE"
"485",485,8,"485: KNEE PROCEDURES W PDX OF INFECTION W MCC","8: DISEASES & DISORDERS OF THE MUSCULOSKELETAL SYSTEM & CONN TISSUE"
"486",486,8,"486: KNEE PROCEDURES W PDX OF INFECTION W CC","8: DISEASES & DISORDERS OF THE MUSCULOSKELETAL SYSTEM & CONN TISSUE"
"487",487,8,"487: KNEE PROCEDURES W PDX OF INFECTION W/O CC/MCC","8: DISEASES & DISORDERS OF THE MUSCULOSKELETAL SYSTEM & CONN TISSUE"
"488",488,8,"488: KNEE PROCEDURES W/O PDX OF INFECTION W CC/MCC","8: DISEASES & DISORDERS OF THE MUSCULOSKELETAL SYSTEM & CONN TISSUE"
"489",489,8,"489: KNEE PROCEDURES W/O PDX OF INFECTION W/O CC/MCC","8: DISEASES & DISORDERS OF THE MUSCULOSKELETAL SYSTEM & CONN TISSUE"
"490",490,8,"490: BACK & NECK PROC EXC SPINAL FUSION W CC/MCC OR DISC DEVICE/NEUROSTIM","8: DISEASES & DISORDERS OF THE MUSCULOSKELETAL SYSTEM & CONN TISSUE"
"491",491,8,"491: BACK & NECK PROC EXC SPINAL FUSION W/O CC/MCC","8: DISEASES & DISORDERS OF THE MUSCULOSKELETAL SYSTEM & CONN TISSUE"
"492",492,8,"492: LOWER EXTREM & HUMER PROC EXCEPT HIP,FOOT,FEMUR W MCC","8: DISEASES & DISORDERS OF THE MUSCULOSKELETAL SYSTEM & CONN TISSUE"
"493",493,8,"493: LOWER EXTREM & HUMER PROC EXCEPT HIP,FOOT,FEMUR W CC","8: DISEASES & DISORDERS OF THE MUSCULOSKELETAL SYSTEM & CONN TISSUE"
"494",494,8,"494: LOWER EXTREM & HUMER PROC EXCEPT HIP,FOOT,FEMUR W/O CC/MCC","8: DISEASES & DISORDERS OF THE MUSCULOSKELETAL SYSTEM & CONN TISSUE"
"495",495,8,"495: LOCAL EXCISION & REMOVAL INT FIX DEVICES EXC HIP & FEMUR W MCC","8: DISEASES & DISORDERS OF THE MUSCULOSKELETAL SYSTEM & CONN TISSUE"
"496",496,8,"496: LOCAL EXCISION & REMOVAL INT FIX DEVICES EXC HIP & FEMUR W CC","8: DISEASES & DISORDERS OF THE MUSCULOSKELETAL SYSTEM & CONN TISSUE"
"497",497,8,"497: LOCAL EXCISION & REMOVAL INT FIX DEVICES EXC HIP & FEMUR W/O CC/MCC","8: DISEASES & DISORDERS OF THE MUSCULOSKELETAL SYSTEM & CONN TISSUE"
"498",498,8,"498: LOCAL EXCISION & REMOVAL INT FIX DEVICES OF HIP & FEMUR W CC/MCC","8: DISEASES & DISORDERS OF THE MUSCULOSKELETAL SYSTEM & CONN TISSUE"
"499",499,8,"499: LOCAL EXCISION & REMOVAL INT FIX DEVICES OF HIP & FEMUR W/O CC/MCC","8: DISEASES & DISORDERS OF THE MUSCULOSKELETAL SYSTEM & CONN TISSUE"
"500",500,8,"500: SOFT TISSUE PROCEDURES W MCC","8: DISEASES & DISORDERS OF THE MUSCULOSKELETAL SYSTEM & CONN TISSUE"
"501",501,8,"501: SOFT TISSUE PROCEDURES W CC","8: DISEASES & DISORDERS OF THE MUSCULOSKELETAL SYSTEM & CONN TISSUE"
"502",502,8,"502: SOFT TISSUE PROCEDURES W/O CC/MCC","8: DISEASES & DISORDERS OF THE MUSCULOSKELETAL SYSTEM & CONN TISSUE"
"503",503,8,"503: FOOT PROCEDURES W MCC","8: DISEASES & DISORDERS OF THE MUSCULOSKELETAL SYSTEM & CONN TISSUE"
"504",504,8,"504: FOOT PROCEDURES W CC","8: DISEASES & DISORDERS OF THE MUSCULOSKELETAL SYSTEM & CONN TISSUE"
"505",505,8,"505: FOOT PROCEDURES W/O CC/MCC","8: DISEASES & DISORDERS OF THE MUSCULOSKELETAL SYSTEM & CONN TISSUE"
"506",506,8,"506: MAJOR THUMB OR JOINT PROCEDURES","8: DISEASES & DISORDERS OF THE MUSCULOSKELETAL SYSTEM & CONN TISSUE"
"507",507,8,"507: MAJOR SHOULDER OR ELBOW JOINT PROCEDURES W CC/MCC","8: DISEASES & DISORDERS OF THE MUSCULOSKELETAL SYSTEM & CONN TISSUE"
"508",508,8,"508: MAJOR SHOULDER OR ELBOW JOINT PROCEDURES W/O CC/MCC","8: DISEASES & DISORDERS OF THE MUSCULOSKELETAL SYSTEM & CONN TISSUE"
"509",509,8,"509: ARTHROSCOPY","8: DISEASES & DISORDERS OF THE MUSCULOSKELETAL SYSTEM & CONN TISSUE"
"510",510,8,"510: SHOULDER,ELBOW OR FOREARM PROC,EXC MAJOR JOINT PROC W MCC","8: DISEASES & DISORDERS OF THE MUSCULOSKELETAL SYSTEM & CONN TISSUE"
"511",511,8,"511: SHOULDER,ELBOW OR FOREARM PROC,EXC MAJOR JOINT PROC W CC","8: DISEASES & DISORDERS OF THE MUSCULOSKELETAL SYSTEM & CONN TISSUE"
"512",512,8,"512: SHOULDER,ELBOW OR FOREARM PROC,EXC MAJOR JOINT PROC W/O CC/MCC","8: DISEASES & DISORDERS OF THE MUSCULOSKELETAL SYSTEM & CONN TISSUE"
"513",513,8,"513: HAND OR WRIST PROC, EXCEPT MAJOR THUMB OR JOINT PROC W CC/MCC","8: DISEASES & DISORDERS OF THE MUSCULOSKELETAL SYSTEM & CONN TISSUE"
"514",514,8,"514: HAND OR WRIST PROC, EXCEPT MAJOR THUMB OR JOINT PROC W/O CC/MCC","8: DISEASES & DISORDERS OF THE MUSCULOSKELETAL SYSTEM & CONN TISSUE"
"515",515,8,"515: OTHER MUSCULOSKELET SYS & CONN TISS O.R. PROC W MCC","8: DISEASES & DISORDERS OF THE MUSCULOSKELETAL SYSTEM & CONN TISSUE"
"516",516,8,"516: OTHER MUSCULOSKELET SYS & CONN TISS O.R. PROC W CC","8: DISEASES & DISORDERS OF THE MUSCULOSKELETAL SYSTEM & CONN TISSUE"
"517",517,8,"517: OTHER MUSCULOSKELET SYS & CONN TISS O.R. PROC W/O CC/MCC","8: DISEASES & DISORDERS OF THE MUSCULOSKELETAL SYSTEM & CONN TISSUE"
"533",533,8,"533: FRACTURES OF FEMUR W MCC","8: DISEASES & DISORDERS OF THE MUSCULOSKELETAL SYSTEM & CONN TISSUE"
"534",534,8,"534: FRACTURES OF FEMUR W/O MCC","8: DISEASES & DISORDERS OF THE MUSCULOSKELETAL SYSTEM & CONN TISSUE"
"535",535,8,"535: FRACTURES OF HIP & PELVIS W MCC","8: DISEASES & DISORDERS OF THE MUSCULOSKELETAL SYSTEM & CONN TISSUE"
"536",536,8,"536: FRACTURES OF HIP & PELVIS W/O MCC","8: DISEASES & DISORDERS OF THE MUSCULOSKELETAL SYSTEM & CONN TISSUE"
"537",537,8,"537: SPRAINS, STRAINS, & DISLOCATIONS OF HIP, PELVIS & THIGH W CC/MCC","8: DISEASES & DISORDERS OF THE MUSCULOSKELETAL SYSTEM & CONN TISSUE"
"538",538,8,"538: SPRAINS, STRAINS, & DISLOCATIONS OF HIP, PELVIS & THIGH W/O CC/MCC","8: DISEASES & DISORDERS OF THE MUSCULOSKELETAL SYSTEM & CONN TISSUE"
"539",539,8,"539: OSTEOMYELITIS W MCC","8: DISEASES & DISORDERS OF THE MUSCULOSKELETAL SYSTEM & CONN TISSUE"
"540",540,8,"540: OSTEOMYELITIS W CC","8: DISEASES & DISORDERS OF THE MUSCULOSKELETAL SYSTEM & CONN TISSUE"
"541",541,8,"541: OSTEOMYELITIS W/O CC/MCC","8: DISEASES & DISORDERS OF THE MUSCULOSKELETAL SYSTEM & CONN TISSUE"
"542",542,8,"542: PATHOLOGICAL FRACTURES & MUSCULOSKELET & CONN TISS MALIG W MCC","8: DISEASES & DISORDERS OF THE MUSCULOSKELETAL SYSTEM & CONN TISSUE"
"543",543,8,"543: PATHOLOGICAL FRACTURES & MUSCULOSKELET & CONN TISS MALIG W CC","8: DISEASES & DISORDERS OF THE MUSCULOSKELETAL SYSTEM & CONN TISSUE"
"544",544,8,"544: PATHOLOGICAL FRACTURES & MUSCULOSKELET & CONN TISS MALIG W/O CC/MCC","8: DISEASES & DISORDERS OF THE MUSCULOSKELETAL SYSTEM & CONN TISSUE"
"545",545,8,"545: CONNECTIVE TISSUE DISORDERS W MCC","8: DISEASES & DISORDERS OF THE MUSCULOSKELETAL SYSTEM & CONN TISSUE"
"546",546,8,"546: CONNECTIVE TISSUE DISORDERS W CC","8: DISEASES & DISORDERS OF THE MUSCULOSKELETAL SYSTEM & CONN TISSUE"
"547",547,8,"547: CONNECTIVE TISSUE DISORDERS W/O CC/MCC","8: DISEASES & DISORDERS OF THE MUSCULOSKELETAL SYSTEM & CONN TISSUE"
"548",548,8,"548: SEPTIC ARTHRITIS W MCC","8: DISEASES & DISORDERS OF THE MUSCULOSKELETAL SYSTEM & CONN TISSUE"
"549",549,8,"549: SEPTIC ARTHRITIS W CC","8: DISEASES & DISORDERS OF THE MUSCULOSKELETAL SYSTEM & CONN TISSUE"
"550",550,8,"550: SEPTIC ARTHRITIS W/O CC/MCC","8: DISEASES & DISORDERS OF THE MUSCULOSKELETAL SYSTEM & CONN TISSUE"
"551",551,8,"551: MEDICAL BACK PROBLEMS W MCC","8: DISEASES & DISORDERS OF THE MUSCULOSKELETAL SYSTEM & CONN TISSUE"
"552",552,8,"552: MEDICAL BACK PROBLEMS W/O MCC","8: DISEASES & DISORDERS OF THE MUSCULOSKELETAL SYSTEM & CONN TISSUE"
"553",553,8,"553: BONE DISEASES & ARTHROPATHIES W MCC","8: DISEASES & DISORDERS OF THE MUSCULOSKELETAL SYSTEM & CONN TISSUE"
"554",554,8,"554: BONE DISEASES & ARTHROPATHIES W/O MCC","8: DISEASES & DISORDERS OF THE MUSCULOSKELETAL SYSTEM & CONN TISSUE"
"555",555,8,"555: SIGNS & SYMPTOMS OF MUSCULOSKELETAL SYSTEM & CONN TISSUE W MCC","8: DISEASES & DISORDERS OF THE MUSCULOSKELETAL SYSTEM & CONN TISSUE"
"556",556,8,"556: SIGNS & SYMPTOMS OF MUSCULOSKELETAL SYSTEM & CONN TISSUE W/O MCC","8: DISEASES & DISORDERS OF THE MUSCULOSKELETAL SYSTEM & CONN TISSUE"
"557",557,8,"557: TENDONITIS, MYOSITIS & BURSITIS W MCC","8: DISEASES & DISORDERS OF THE MUSCULOSKELETAL SYSTEM & CONN TISSUE"
"558",558,8,"558: TENDONITIS, MYOSITIS & BURSITIS W/O MCC","8: DISEASES & DISORDERS OF THE MUSCULOSKELETAL SYSTEM & CONN TISSUE"
"559",559,8,"559: AFTERCARE, MUSCULOSKELETAL SYSTEM & CONNECTIVE TISSUE W MCC","8: DISEASES & DISORDERS OF THE MUSCULOSKELETAL SYSTEM & CONN TISSUE"
"560",560,8,"560: AFTERCARE, MUSCULOSKELETAL SYSTEM & CONNECTIVE TISSUE W CC","8: DISEASES & DISORDERS OF THE MUSCULOSKELETAL SYSTEM & CONN TISSUE"
"561",561,8,"561: AFTERCARE, MUSCULOSKELETAL SYSTEM & CONNECTIVE TISSUE W/O CC/MCC","8: DISEASES & DISORDERS OF THE MUSCULOSKELETAL SYSTEM & CONN TISSUE"
"562",562,8,"562: FX, SPRN, STRN & DISL EXCEPT FEMUR, HIP, PELVIS & THIGH W MCC","8: DISEASES & DISORDERS OF THE MUSCULOSKELETAL SYSTEM & CONN TISSUE"
"563",563,8,"563: FX, SPRN, STRN & DISL EXCEPT FEMUR, HIP, PELVIS & THIGH W/O MCC","8: DISEASES & DISORDERS OF THE MUSCULOSKELETAL SYSTEM & CONN TISSUE"
"564",564,8,"564: OTHER MUSCULOSKELETAL SYS & CONNECTIVE TISSUE DIAGNOSES W MCC","8: DISEASES & DISORDERS OF THE MUSCULOSKELETAL SYSTEM & CONN TISSUE"
"565",565,8,"565: OTHER MUSCULOSKELETAL SYS & CONNECTIVE TISSUE DIAGNOSES W CC","8: DISEASES & DISORDERS OF THE MUSCULOSKELETAL SYSTEM & CONN TISSUE"
"566",566,8,"566: OTHER MUSCULOSKELETAL SYS & CONNECTIVE TISSUE DIAGNOSES W/O CC/MCC","8: DISEASES & DISORDERS OF THE MUSCULOSKELETAL SYSTEM & CONN TISSUE"
"570",570,9,"570: SKIN DEBRIDEMENT W MCC","9: DISEASES & DISORDERS OF THE SKIN, SUBCUTANEOUS TISSUE & BREAST"
"571",571,9,"571: SKIN DEBRIDEMENT W CC","9: DISEASES & DISORDERS OF THE SKIN, SUBCUTANEOUS TISSUE & BREAST"
"572",572,9,"572: SKIN DEBRIDEMENT W/O CC/MCC","9: DISEASES & DISORDERS OF THE SKIN, SUBCUTANEOUS TISSUE & BREAST"
"573",573,9,"573: SKIN GRAFT FOR SKIN ULCER OR CELLULITIS W MCC","9: DISEASES & DISORDERS OF THE SKIN, SUBCUTANEOUS TISSUE & BREAST"
"574",574,9,"574: SKIN GRAFT FOR SKIN ULCER OR CELLULITIS W CC","9: DISEASES & DISORDERS OF THE SKIN, SUBCUTANEOUS TISSUE & BREAST"
"575",575,9,"575: SKIN GRAFT FOR SKIN ULCER OR CELLULITIS W/O CC/MCC","9: DISEASES & DISORDERS OF THE SKIN, SUBCUTANEOUS TISSUE & BREAST"
"576",576,9,"576: SKIN GRAFT EXC FOR SKIN ULCER OR CELLULITIS W MCC","9: DISEASES & DISORDERS OF THE SKIN, SUBCUTANEOUS TISSUE & BREAST"
"577",577,9,"577: SKIN GRAFT EXC FOR SKIN ULCER OR CELLULITIS W CC","9: DISEASES & DISORDERS OF THE SKIN, SUBCUTANEOUS TISSUE & BREAST"
"578",578,9,"578: SKIN GRAFT EXC FOR SKIN ULCER OR CELLULITIS W/O CC/MCC","9: DISEASES & DISORDERS OF THE SKIN, SUBCUTANEOUS TISSUE & BREAST"
"579",579,9,"579: OTHER SKIN, SUBCUT TISS & BREAST PROC W MCC","9: DISEASES & DISORDERS OF THE SKIN, SUBCUTANEOUS TISSUE & BREAST"
"580",580,9,"580: OTHER SKIN, SUBCUT TISS & BREAST PROC W CC","9: DISEASES & DISORDERS OF THE SKIN, SUBCUTANEOUS TISSUE & BREAST"
"581",581,9,"581: OTHER SKIN, SUBCUT TISS & BREAST PROC W/O CC/MCC","9: DISEASES & DISORDERS OF THE SKIN, SUBCUTANEOUS TISSUE & BREAST"
"582",582,9,"582: MASTECTOMY FOR MALIGNANCY W CC/MCC","9: DISEASES & DISORDERS OF THE SKIN, SUBCUTANEOUS TISSUE & BREAST"
"583",583,9,"583: MASTECTOMY FOR MALIGNANCY W/O CC/MCC","9: DISEASES & DISORDERS OF THE SKIN, SUBCUTANEOUS TISSUE & BREAST"
"584",584,9,"584: BREAST BIOPSY, LOCAL EXCISION & OTHER BREAST PROCEDURES W CC/MCC","9: DISEASES & DISORDERS OF THE SKIN, SUBCUTANEOUS TISSUE & BREAST"
"585",585,9,"585: BREAST BIOPSY, LOCAL EXCISION & OTHER BREAST PROCEDURES W/O CC/MCC","9: DISEASES & DISORDERS OF THE SKIN, SUBCUTANEOUS TISSUE & BREAST"
"592",592,9,"592: SKIN ULCERS W MCC","9: DISEASES & DISORDERS OF THE SKIN, SUBCUTANEOUS TISSUE & BREAST"
"593",593,9,"593: SKIN ULCERS W CC","9: DISEASES & DISORDERS OF THE SKIN, SUBCUTANEOUS TISSUE & BREAST"
"594",594,9,"594: SKIN ULCERS W/O CC/MCC","9: DISEASES & DISORDERS OF THE SKIN, SUBCUTANEOUS TISSUE & BREAST"
"595",595,9,"595: MAJOR SKIN DISORDERS W MCC","9: DISEASES & DISORDERS OF THE SKIN, SUBCUTANEOUS TISSUE & BREAST"
"596",596,9,"596: MAJOR SKIN DISORDERS W/O MCC","9: DISEASES & DISORDERS OF THE SKIN, SUBCUTANEOUS TISSUE & BREAST"
"597",597,9,"597: MALIGNANT BREAST DISORDERS W MCC","9: DISEASES & DISORDERS OF THE SKIN, SUBCUTANEOUS TISSUE & BREAST"
"598",598,9,"598: MALIGNANT BREAST DISORDERS W CC","9: DISEASES & DISORDERS OF THE SKIN, SUBCUTANEOUS TISSUE & BREAST"
"599",599,9,"599: MALIGNANT BREAST DISORDERS W/O CC/MCC","9: DISEASES & DISORDERS OF THE SKIN, SUBCUTANEOUS TISSUE & BREAST"
"600",600,9,"600: NON-MALIGNANT BREAST DISORDERS W CC/MCC","9: DISEASES & DISORDERS OF THE SKIN, SUBCUTANEOUS TISSUE & BREAST"
"601",601,9,"601: NON-MALIGNANT BREAST DISORDERS W/O CC/MCC","9: DISEASES & DISORDERS OF THE SKIN, SUBCUTANEOUS TISSUE & BREAST"
"602",602,9,"602: CELLULITIS W MCC","9: DISEASES & DISORDERS OF THE SKIN, SUBCUTANEOUS TISSUE & BREAST"
"603",603,9,"603: CELLULITIS W/O MCC","9: DISEASES & DISORDERS OF THE SKIN, SUBCUTANEOUS TISSUE & BREAST"
"604",604,9,"604: TRAUMA TO THE SKIN, SUBCUT TISS & BREAST W MCC","9: DISEASES & DISORDERS OF THE SKIN, SUBCUTANEOUS TISSUE & BREAST"
"605",605,9,"605: TRAUMA TO THE SKIN, SUBCUT TISS & BREAST W/O MCC","9: DISEASES & DISORDERS OF THE SKIN, SUBCUTANEOUS TISSUE & BREAST"
"606",606,9,"606: MINOR SKIN DISORDERS W MCC","9: DISEASES & DISORDERS OF THE SKIN, SUBCUTANEOUS TISSUE & BREAST"
"607",607,9,"607: MINOR SKIN DISORDERS W/O MCC","9: DISEASES & DISORDERS OF THE SKIN, SUBCUTANEOUS TISSUE & BREAST"
"614",614,10,"614: ADRENAL & PITUITARY PROCEDURES W CC/MCC","10: ENDOCRINE, NUTRITIONAL & METABOLIC DISEASES & DISORDERS"
"615",615,10,"615: ADRENAL & PITUITARY PROCEDURES W/O CC/MCC","10: ENDOCRINE, NUTRITIONAL & METABOLIC DISEASES & DISORDERS"
"616",616,10,"616: AMPUTAT OF LOWER LIMB FOR ENDOCRINE,NUTRIT,& METABOL DIS W MCC","10: ENDOCRINE, NUTRITIONAL & METABOLIC DISEASES & DISORDERS"
"617",617,10,"617: AMPUTAT OF LOWER LIMB FOR ENDOCRINE,NUTRIT,& METABOL DIS W CC","10: ENDOCRINE, NUTRITIONAL & METABOLIC DISEASES & DISORDERS"
"618",618,10,"618: AMPUTAT OF LOWER LIMB FOR ENDOCRINE,NUTRIT,& METABOL DIS W/O CC/MCC","10: ENDOCRINE, NUTRITIONAL & METABOLIC DISEASES & DISORDERS"
"619",619,10,"619: O.R. PROCEDURES FOR OBESITY W MCC","10: ENDOCRINE, NUTRITIONAL & METABOLIC DISEASES & DISORDERS"
"620",620,10,"620: O.R. PROCEDURES FOR OBESITY W CC","10: ENDOCRINE, NUTRITIONAL & METABOLIC DISEASES & DISORDERS"
"621",621,10,"621: O.R. PROCEDURES FOR OBESITY W/O CC/MCC","10: ENDOCRINE, NUTRITIONAL & METABOLIC DISEASES & DISORDERS"
"622",622,10,"622: SKIN GRAFTS & WOUND DEBRID FOR ENDOC, NUTRIT & METAB DIS W MCC","10: ENDOCRINE, NUTRITIONAL & METABOLIC DISEASES & DISORDERS"
"623",623,10,"623: SKIN GRAFTS & WOUND DEBRID FOR ENDOC, NUTRIT & METAB DIS W CC","10: ENDOCRINE, NUTRITIONAL & METABOLIC DISEASES & DISORDERS"
"624",624,10,"624: SKIN GRAFTS & WOUND DEBRID FOR ENDOC, NUTRIT & METAB DIS W/O CC/MCC","10: ENDOCRINE, NUTRITIONAL & METABOLIC DISEASES & DISORDERS"
"625",625,10,"625: THYROID, PARATHYROID & THYROGLOSSAL PROCEDURES W MCC","10: ENDOCRINE, NUTRITIONAL & METABOLIC DISEASES & DISORDERS"
"626",626,10,"626: THYROID, PARATHYROID & THYROGLOSSAL PROCEDURES W CC","10: ENDOCRINE, NUTRITIONAL & METABOLIC DISEASES & DISORDERS"
"627",627,10,"627: THYROID, PARATHYROID & THYROGLOSSAL PROCEDURES W/O CC/MCC","10: ENDOCRINE, NUTRITIONAL & METABOLIC DISEASES & DISORDERS"
"628",628,10,"628: OTHER ENDOCRINE, NUTRIT & METAB O.R. PROC W MCC","10: ENDOCRINE, NUTRITIONAL & METABOLIC DISEASES & DISORDERS"
"629",629,10,"629: OTHER ENDOCRINE, NUTRIT & METAB O.R. PROC W CC","10: ENDOCRINE, NUTRITIONAL & METABOLIC DISEASES & DISORDERS"
"630",630,10,"630: OTHER ENDOCRINE, NUTRIT & METAB O.R. PROC W/O CC/MCC","10: ENDOCRINE, NUTRITIONAL & METABOLIC DISEASES & DISORDERS"
"637",637,10,"637: DIABETES W MCC","10: ENDOCRINE, NUTRITIONAL & METABOLIC DISEASES & DISORDERS"
"638",638,10,"638: DIABETES W CC","10: ENDOCRINE, NUTRITIONAL & METABOLIC DISEASES & DISORDERS"
"639",639,10,"639: DIABETES W/O CC/MCC","10: ENDOCRINE, NUTRITIONAL & METABOLIC DISEASES & DISORDERS"
"640",640,10,"640: MISC DISORDERS OF NUTRITION,METABOLISM,FLUIDS/ELECTROLYTES W MCC","10: ENDOCRINE, NUTRITIONAL & METABOLIC DISEASES & DISORDERS"
"641",641,10,"641: MISC DISORDERS OF NUTRITION,METABOLISM,FLUIDS/ELECTROLYTES W/O MCC","10: ENDOCRINE, NUTRITIONAL & METABOLIC DISEASES & DISORDERS"
"642",642,10,"642: INBORN AND OTHER DISORDERS OF METABOLISM","10: ENDOCRINE, NUTRITIONAL & METABOLIC DISEASES & DISORDERS"
"643",643,10,"643: ENDOCRINE DISORDERS W MCC","10: ENDOCRINE, NUTRITIONAL & METABOLIC DISEASES & DISORDERS"
"644",644,10,"644: ENDOCRINE DISORDERS W CC","10: ENDOCRINE, NUTRITIONAL & METABOLIC DISEASES & DISORDERS"
"645",645,10,"645: ENDOCRINE DISORDERS W/O CC/MCC","10: ENDOCRINE, NUTRITIONAL & METABOLIC DISEASES & DISORDERS"
"652",652,11,"652: KIDNEY TRANSPLANT","11: DISEASES & DISORDERS OF THE KIDNEY & URINARY TRACT"
"653",653,11,"653: MAJOR BLADDER PROCEDURES W MCC","11: DISEASES & DISORDERS OF THE KIDNEY & URINARY TRACT"
"654",654,11,"654: MAJOR BLADDER PROCEDURES W CC","11: DISEASES & DISORDERS OF THE KIDNEY & URINARY TRACT"
"655",655,11,"655: MAJOR BLADDER PROCEDURES W/O CC/MCC","11: DISEASES & DISORDERS OF THE KIDNEY & URINARY TRACT"
"656",656,11,"656: KIDNEY & URETER PROCEDURES FOR NEOPLASM W MCC","11: DISEASES & DISORDERS OF THE KIDNEY & URINARY TRACT"
"657",657,11,"657: KIDNEY & URETER PROCEDURES FOR NEOPLASM W CC","11: DISEASES & DISORDERS OF THE KIDNEY & URINARY TRACT"
"658",658,11,"658: KIDNEY & URETER PROCEDURES FOR NEOPLASM W/O CC/MCC","11: DISEASES & DISORDERS OF THE KIDNEY & URINARY TRACT"
"659",659,11,"659: KIDNEY & URETER PROCEDURES FOR NON-NEOPLASM W MCC","11: DISEASES & DISORDERS OF THE KIDNEY & URINARY TRACT"
"660",660,11,"660: KIDNEY & URETER PROCEDURES FOR NON-NEOPLASM W CC","11: DISEASES & DISORDERS OF THE KIDNEY & URINARY TRACT"
"661",661,11,"661: KIDNEY & URETER PROCEDURES FOR NON-NEOPLASM W/O CC/MCC","11: DISEASES & DISORDERS OF THE KIDNEY & URINARY TRACT"
"662",662,11,"662: MINOR BLADDER PROCEDURES W MCC","11: DISEASES & DISORDERS OF THE KIDNEY & URINARY TRACT"
"663",663,11,"663: MINOR BLADDER PROCEDURES W CC","11: DISEASES & DISORDERS OF THE KIDNEY & URINARY TRACT"
"664",664,11,"664: MINOR BLADDER PROCEDURES W/O CC/MCC","11: DISEASES & DISORDERS OF THE KIDNEY & URINARY TRACT"
"665",665,11,"665: PROSTATECTOMY W MCC","11: DISEASES & DISORDERS OF THE KIDNEY & URINARY TRACT"
"666",666,11,"666: PROSTATECTOMY W CC","11: DISEASES & DISORDERS OF THE KIDNEY & URINARY TRACT"
"667",667,11,"667: PROSTATECTOMY W/O CC/MCC","11: DISEASES & DISORDERS OF THE KIDNEY & URINARY TRACT"
"668",668,11,"668: TRANSURETHRAL PROCEDURES W MCC","11: DISEASES & DISORDERS OF THE KIDNEY & URINARY TRACT"
"669",669,11,"669: TRANSURETHRAL PROCEDURES W CC","11: DISEASES & DISORDERS OF THE KIDNEY & URINARY TRACT"
"670",670,11,"670: TRANSURETHRAL PROCEDURES W/O CC/MCC","11: DISEASES & DISORDERS OF THE KIDNEY & URINARY TRACT"
"671",671,11,"671: URETHRAL PROCEDURES W CC/MCC","11: DISEASES & DISORDERS OF THE KIDNEY & URINARY TRACT"
"672",672,11,"672: URETHRAL PROCEDURES W/O CC/MCC","11: DISEASES & DISORDERS OF THE KIDNEY & URINARY TRACT"
"673",673,11,"673: OTHER KIDNEY & URINARY TRACT PROCEDURES W MCC","11: DISEASES & DISORDERS OF THE KIDNEY & URINARY TRACT"
"674",674,11,"674: OTHER KIDNEY & URINARY TRACT PROCEDURES W CC","11: DISEASES & DISORDERS OF THE KIDNEY & URINARY TRACT"
"675",675,11,"675: OTHER KIDNEY & URINARY TRACT PROCEDURES W/O CC/MCC","11: DISEASES & DISORDERS OF THE KIDNEY & URINARY TRACT"
"682",682,11,"682: RENAL FAILURE W MCC","11: DISEASES & DISORDERS OF THE KIDNEY & URINARY TRACT"
"683",683,11,"683: RENAL FAILURE W CC","11: DISEASES & DISORDERS OF THE KIDNEY & URINARY TRACT"
"684",684,11,"684: RENAL FAILURE W/O CC/MCC","11: DISEASES & DISORDERS OF THE KIDNEY & URINARY TRACT"
"685",685,11,"685: ADMIT FOR RENAL DIALYSIS","11: DISEASES & DISORDERS OF THE KIDNEY & URINARY TRACT"
"686",686,11,"686: KIDNEY & URINARY TRACT NEOPLASMS W MCC","11: DISEASES & DISORDERS OF THE KIDNEY & URINARY TRACT"
"687",687,11,"687: KIDNEY & URINARY TRACT NEOPLASMS W CC","11: DISEASES & DISORDERS OF THE KIDNEY & URINARY TRACT"
"688",688,11,"688: KIDNEY & URINARY TRACT NEOPLASMS W/O CC/MCC","11: DISEASES & DISORDERS OF THE KIDNEY & URINARY TRACT"
"689",689,11,"689: KIDNEY & URINARY TRACT INFECTIONS W MCC","11: DISEASES & DISORDERS OF THE KIDNEY & URINARY TRACT"
"690",690,11,"690: KIDNEY & URINARY TRACT INFECTIONS W/O MCC","11: DISEASES & DISORDERS OF THE KIDNEY & URINARY TRACT"
"691",691,11,"691: URINARY STONES W ESW LITHOTRIPSY W CC/MCC","11: DISEASES & DISORDERS OF THE KIDNEY & URINARY TRACT"
"692",692,11,"692: URINARY STONES W ESW LITHOTRIPSY W/O CC/MCC","11: DISEASES & DISORDERS OF THE KIDNEY & URINARY TRACT"
"693",693,11,"693: URINARY STONES W/O ESW LITHOTRIPSY W MCC","11: DISEASES & DISORDERS OF THE KIDNEY & URINARY TRACT"
"694",694,11,"694: URINARY STONES W/O ESW LITHOTRIPSY W/O MCC","11: DISEASES & DISORDERS OF THE KIDNEY & URINARY TRACT"
"695",695,11,"695: KIDNEY & URINARY TRACT SIGNS & SYMPTOMS W MCC","11: DISEASES & DISORDERS OF THE KIDNEY & URINARY TRACT"
"696",696,11,"696: KIDNEY & URINARY TRACT SIGNS & SYMPTOMS W/O MCC","11: DISEASES & DISORDERS OF THE KIDNEY & URINARY TRACT"
"697",697,11,"697: URETHRAL STRICTURE","11: DISEASES & DISORDERS OF THE KIDNEY & URINARY TRACT"
"698",698,11,"698: OTHER KIDNEY & URINARY TRACT DIAGNOSES W MCC","11: DISEASES & DISORDERS OF THE KIDNEY & URINARY TRACT"
"699",699,11,"699: OTHER KIDNEY & URINARY TRACT DIAGNOSES W CC","11: DISEASES & DISORDERS OF THE KIDNEY & URINARY TRACT"
"700",700,11,"700: OTHER KIDNEY & URINARY TRACT DIAGNOSES W/O CC/MCC","11: DISEASES & DISORDERS OF THE KIDNEY & URINARY TRACT"
"707",707,12,"707: MAJOR MALE PELVIC PROCEDURES W CC/MCC","12: DISEASES & DISORDERS OF THE MALE REPRODUCTIVE SYSTEM"
"708",708,12,"708: MAJOR MALE PELVIC PROCEDURES W/O CC/MCC","12: DISEASES & DISORDERS OF THE MALE REPRODUCTIVE SYSTEM"
"709",709,12,"709: PENIS PROCEDURES W CC/MCC","12: DISEASES & DISORDERS OF THE MALE REPRODUCTIVE SYSTEM"
"710",710,12,"710: PENIS PROCEDURES W/O CC/MCC","12: DISEASES & DISORDERS OF THE MALE REPRODUCTIVE SYSTEM"
"711",711,12,"711: TESTES PROCEDURES W CC/MCC","12: DISEASES & DISORDERS OF THE MALE REPRODUCTIVE SYSTEM"
"712",712,12,"712: TESTES PROCEDURES W/O CC/MCC","12: DISEASES & DISORDERS OF THE MALE REPRODUCTIVE SYSTEM"
"713",713,12,"713: TRANSURETHRAL PROSTATECTOMY W CC/MCC","12: DISEASES & DISORDERS OF THE MALE REPRODUCTIVE SYSTEM"
"714",714,12,"714: TRANSURETHRAL PROSTATECTOMY W/O CC/MCC","12: DISEASES & DISORDERS OF THE MALE REPRODUCTIVE SYSTEM"
"715",715,12,"715: OTHER MALE REPRODUCTIVE SYSTEM O.R. PROC FOR MALIGNANCY W CC/MCC","12: DISEASES & DISORDERS OF THE MALE REPRODUCTIVE SYSTEM"
"716",716,12,"716: OTHER MALE REPRODUCTIVE SYSTEM O.R. PROC FOR MALIGNANCY W/O CC/MCC","12: DISEASES & DISORDERS OF THE MALE REPRODUCTIVE SYSTEM"
"717",717,12,"717: OTHER MALE REPRODUCTIVE SYSTEM O.R. PROC EXC MALIGNANCY W CC/MCC","12: DISEASES & DISORDERS OF THE MALE REPRODUCTIVE SYSTEM"
"718",718,12,"718: OTHER MALE REPRODUCTIVE SYSTEM O.R. PROC EXC MALIGNANCY W/O CC/MCC","12: DISEASES & DISORDERS OF THE MALE REPRODUCTIVE SYSTEM"
"722",722,12,"722: MALIGNANCY, MALE REPRODUCTIVE SYSTEM W MCC","12: DISEASES & DISORDERS OF THE MALE REPRODUCTIVE SYSTEM"
"723",723,12,"723: MALIGNANCY, MALE REPRODUCTIVE SYSTEM W CC","12: DISEASES & DISORDERS OF THE MALE REPRODUCTIVE SYSTEM"
"724",724,12,"724: MALIGNANCY, MALE REPRODUCTIVE SYSTEM W/O CC/MCC","12: DISEASES & DISORDERS OF THE MALE REPRODUCTIVE SYSTEM"
"725",725,12,"725: BENIGN PROSTATIC HYPERTROPHY W MCC","12: DISEASES & DISORDERS OF THE MALE REPRODUCTIVE SYSTEM"
"726",726,12,"726: BENIGN PROSTATIC HYPERTROPHY W/O MCC","12: DISEASES & DISORDERS OF THE MALE REPRODUCTIVE SYSTEM"
"727",727,12,"727: INFLAMMATION OF THE MALE REPRODUCTIVE SYSTEM W MCC","12: DISEASES & DISORDERS OF THE MALE REPRODUCTIVE SYSTEM"
"728",728,12,"728: INFLAMMATION OF THE MALE REPRODUCTIVE SYSTEM W/O MCC","12: DISEASES & DISORDERS OF THE MALE REPRODUCTIVE SYSTEM"
"729",729,12,"729: OTHER MALE REPRODUCTIVE SYSTEM DIAGNOSES W CC/MCC","12: DISEASES & DISORDERS OF THE MALE REPRODUCTIVE SYSTEM"
"730",730,12,"730: OTHER MALE REPRODUCTIVE SYSTEM DIAGNOSES W/O CC/MCC","12: DISEASES & DISORDERS OF THE MALE REPRODUCTIVE SYSTEM"
"734",734,13,"734: PELVIC EVISCERATION, RAD HYSTERECTOMY & RAD VULVECTOMY W CC/MCC","13: DISEASES & DISORDERS OF THE FEMALE REPRODUCTIVE SYSTEM"
"735",735,13,"735: PELVIC EVISCERATION, RAD HYSTERECTOMY & RAD VULVECTOMY W/O CC/MCC","13: DISEASES & DISORDERS OF THE FEMALE REPRODUCTIVE SYSTEM"
"736",736,13,"736: UTERINE & ADNEXA PROC FOR OVARIAN OR ADNEXAL MALIGNANCY W MCC","13: DISEASES & DISORDERS OF THE FEMALE REPRODUCTIVE SYSTEM"
"737",737,13,"737: UTERINE & ADNEXA PROC FOR OVARIAN OR ADNEXAL MALIGNANCY W CC","13: DISEASES & DISORDERS OF THE FEMALE REPRODUCTIVE SYSTEM"
"738",738,13,"738: UTERINE & ADNEXA PROC FOR OVARIAN OR ADNEXAL MALIGNANCY W/O CC/MCC","13: DISEASES & DISORDERS OF THE FEMALE REPRODUCTIVE SYSTEM"
"739",739,13,"739: UTERINE,ADNEXA PROC FOR NON-OVARIAN/ADNEXAL MALIG W MCC","13: DISEASES & DISORDERS OF THE FEMALE REPRODUCTIVE SYSTEM"
"740",740,13,"740: UTERINE,ADNEXA PROC FOR NON-OVARIAN/ADNEXAL MALIG W CC","13: DISEASES & DISORDERS OF THE FEMALE REPRODUCTIVE SYSTEM"
"741",741,13,"741: UTERINE,ADNEXA PROC FOR NON-OVARIAN/ADNEXAL MALIG W/O CC/MCC","13: DISEASES & DISORDERS OF THE FEMALE REPRODUCTIVE SYSTEM"
"742",742,13,"742: UTERINE & ADNEXA PROC FOR NON-MALIGNANCY W CC/MCC","13: DISEASES & DISORDERS OF THE FEMALE REPRODUCTIVE SYSTEM"
"743",743,13,"743: UTERINE & ADNEXA PROC FOR NON-MALIGNANCY W/O CC/MCC","13: DISEASES & DISORDERS OF THE FEMALE REPRODUCTIVE SYSTEM"
"744",744,13,"744: D&C, CONIZATION, LAPAROSCOPY & TUBAL INTERRUPTION W CC/MCC","13: DISEASES & DISORDERS OF THE FEMALE REPRODUCTIVE SYSTEM"
"745",745,13,"745: D&C, CONIZATION, LAPAROSCOPY & TUBAL INTERRUPTION W/O CC/MCC","13: DISEASES & DISORDERS OF THE FEMALE REPRODUCTIVE SYSTEM"
"746",746,13,"746: VAGINA, CERVIX & VULVA PROCEDURES W CC/MCC","13: DISEASES & DISORDERS OF THE FEMALE REPRODUCTIVE SYSTEM"
"747",747,13,"747: VAGINA, CERVIX & VULVA PROCEDURES W/O CC/MCC","13: DISEASES & DISORDERS OF THE FEMALE REPRODUCTIVE SYSTEM"
"748",748,13,"748: FEMALE REPRODUCTIVE SYSTEM RECONSTRUCTIVE PROCEDURES","13: DISEASES & DISORDERS OF THE FEMALE REPRODUCTIVE SYSTEM"
"749",749,13,"749: OTHER FEMALE REPRODUCTIVE SYSTEM O.R. PROCEDURES W CC/MCC","13: DISEASES & DISORDERS OF THE FEMALE REPRODUCTIVE SYSTEM"
"750",750,13,"750: OTHER FEMALE REPRODUCTIVE SYSTEM O.R. PROCEDURES W/O CC/MCC","13: DISEASES & DISORDERS OF THE FEMALE REPRODUCTIVE SYSTEM"
"754",754,13,"754: MALIGNANCY, FEMALE REPRODUCTIVE SYSTEM W MCC","13: DISEASES & DISORDERS OF THE FEMALE REPRODUCTIVE SYSTEM"
"755",755,13,"755: MALIGNANCY, FEMALE REPRODUCTIVE SYSTEM W CC","13: DISEASES & DISORDERS OF THE FEMALE REPRODUCTIVE SYSTEM"
"756",756,13,"756: MALIGNANCY, FEMALE REPRODUCTIVE SYSTEM W/O CC/MCC","13: DISEASES & DISORDERS OF THE FEMALE REPRODUCTIVE SYSTEM"
"757",757,13,"757: INFECTIONS, FEMALE REPRODUCTIVE SYSTEM W MCC","13: DISEASES & DISORDERS OF THE FEMALE REPRODUCTIVE SYSTEM"
"758",758,13,"758: INFECTIONS, FEMALE REPRODUCTIVE SYSTEM W CC","13: DISEASES & DISORDERS OF THE FEMALE REPRODUCTIVE SYSTEM"
"759",759,13,"759: INFECTIONS, FEMALE REPRODUCTIVE SYSTEM W/O CC/MCC","13: DISEASES & DISORDERS OF THE FEMALE REPRODUCTIVE SYSTEM"
"760",760,13,"760: MENSTRUAL & OTHER FEMALE REPRODUCTIVE SYSTEM DISORDERS W CC/MCC","13: DISEASES & DISORDERS OF THE FEMALE REPRODUCTIVE SYSTEM"
"761",761,13,"761: MENSTRUAL & OTHER FEMALE REPRODUCTIVE SYSTEM DISORDERS W/O CC/MCC","13: DISEASES & DISORDERS OF THE FEMALE REPRODUCTIVE SYSTEM"
"765",765,14,"765: CESAREAN SECTION W CC/MCC","14: PREGNANCY, CHILDBIRTH & THE PUERPERIUM"
"766",766,14,"766: CESAREAN SECTION W/O CC/MCC","14: PREGNANCY, CHILDBIRTH & THE PUERPERIUM"
"767",767,14,"767: VAGINAL DELIVERY W STERILIZATION &/OR D&C","14: PREGNANCY, CHILDBIRTH & THE PUERPERIUM"
"768",768,14,"768: VAGINAL DELIVERY W O.R. PROC EXCEPT STERIL &/OR D&C","14: PREGNANCY, CHILDBIRTH & THE PUERPERIUM"
"769",769,14,"769: POSTPARTUM & POST ABORTION DIAGNOSES W O.R. PROCEDURE","14: PREGNANCY, CHILDBIRTH & THE PUERPERIUM"
"770",770,14,"770: ABORTION W D&C, ASPIRATION CURETTAGE OR HYSTEROTOMY","14: PREGNANCY, CHILDBIRTH & THE PUERPERIUM"
"774",774,14,"774: VAGINAL DELIVERY W COMPLICATING DIAGNOSES","14: PREGNANCY, CHILDBIRTH & THE PUERPERIUM"
"775",775,14,"775: VAGINAL DELIVERY W/O COMPLICATING DIAGNOSES","14: PREGNANCY, CHILDBIRTH & THE PUERPERIUM"
"776",776,14,"776: POSTPARTUM & POST ABORTION DIAGNOSES W/O O.R. PROCEDURE","14: PREGNANCY, CHILDBIRTH & THE PUERPERIUM"
"777",777,14,"777: ECTOPIC PREGNANCY","14: PREGNANCY, CHILDBIRTH & THE PUERPERIUM"
"778",778,14,"778: THREATENED ABORTION","14: PREGNANCY, CHILDBIRTH & THE PUERPERIUM"
"779",779,14,"779: ABORTION W/O D&C","14: PREGNANCY, CHILDBIRTH & THE PUERPERIUM"
"780",780,14,"780: FALSE LABOR","14: PREGNANCY, CHILDBIRTH & THE PUERPERIUM"
"781",781,14,"781: OTHER ANTEPARTUM DIAGNOSES W MEDICAL COMPLICATIONS","14: PREGNANCY, CHILDBIRTH & THE PUERPERIUM"
"782",782,14,"782: OTHER ANTEPARTUM DIAGNOSES W/O MEDICAL COMPLICATIONS","14: PREGNANCY, CHILDBIRTH & THE PUERPERIUM"
"789",789,15,"789: NEONATES, DIED OR TRANSFERRED TO ANOTHER ACUTE CARE FACILITY","15: NEWBORNS & OTHER NEONATES WITH CONDTN ORIG IN PERINATAL PERIOD"
"790",790,15,"790: EXTREME IMMATURITY OR RESPIRATORY DISTRESS SYNDROME, NEONATE","15: NEWBORNS & OTHER NEONATES WITH CONDTN ORIG IN PERINATAL PERIOD"
"791",791,15,"791: PREMATURITY W MAJOR PROBLEMS","15: NEWBORNS & OTHER NEONATES WITH CONDTN ORIG IN PERINATAL PERIOD"
"792",792,15,"792: PREMATURITY W/O MAJOR PROBLEMS","15: NEWBORNS & OTHER NEONATES WITH CONDTN ORIG IN PERINATAL PERIOD"
"793",793,15,"793: FULL TERM NEONATE W MAJOR PROBLEMS","15: NEWBORNS & OTHER NEONATES WITH CONDTN ORIG IN PERINATAL PERIOD"
"794",794,15,"794: NEONATE W OTHER SIGNIFICANT PROBLEMS","15: NEWBORNS & OTHER NEONATES WITH CONDTN ORIG IN PERINATAL PERIOD"
"795",795,15,"795: NORMAL NEWBORN","15: NEWBORNS & OTHER NEONATES WITH CONDTN ORIG IN PERINATAL PERIOD"
"799",799,16,"799: SPLENECTOMY W MCC","16: DISEASES & DISORDERS OF BLOOD, BLOOD FORMING ORGANS, IMMUNOLOG DISORD"
"800",800,16,"800: SPLENECTOMY W CC","16: DISEASES & DISORDERS OF BLOOD, BLOOD FORMING ORGANS, IMMUNOLOG DISORD"
"801",801,16,"801: SPLENECTOMY W/O CC/MCC","16: DISEASES & DISORDERS OF BLOOD, BLOOD FORMING ORGANS, IMMUNOLOG DISORD"
"802",802,16,"802: OTHER O.R. PROC OF THE BLOOD & BLOOD FORMING ORGANS W MCC","16: DISEASES & DISORDERS OF BLOOD, BLOOD FORMING ORGANS, IMMUNOLOG DISORD"
"803",803,16,"803: OTHER O.R. PROC OF THE BLOOD & BLOOD FORMING ORGANS W CC","16: DISEASES & DISORDERS OF BLOOD, BLOOD FORMING ORGANS, IMMUNOLOG DISORD"
"804",804,16,"804: OTHER O.R. PROC OF THE BLOOD & BLOOD FORMING ORGANS W/O CC/MCC","16: DISEASES & DISORDERS OF BLOOD, BLOOD FORMING ORGANS, IMMUNOLOG DISORD"
"808",808,16,"808: MAJOR HEMATOL/IMMUN DIAG EXC SICKLE CELL CRISIS & COAGUL W MCC","16: DISEASES & DISORDERS OF BLOOD, BLOOD FORMING ORGANS, IMMUNOLOG DISORD"
"809",809,16,"809: MAJOR HEMATOL/IMMUN DIAG EXC SICKLE CELL CRISIS & COAGUL W CC","16: DISEASES & DISORDERS OF BLOOD, BLOOD FORMING ORGANS, IMMUNOLOG DISORD"
"810",810,16,"810: MAJOR HEMATOL/IMMUN DIAG EXC SICKLE CELL CRISIS & COAGUL W/O CC/MCC","16: DISEASES & DISORDERS OF BLOOD, BLOOD FORMING ORGANS, IMMUNOLOG DISORD"
"811",811,16,"811: RED BLOOD CELL DISORDERS W MCC","16: DISEASES & DISORDERS OF BLOOD, BLOOD FORMING ORGANS, IMMUNOLOG DISORD"
"812",812,16,"812: RED BLOOD CELL DISORDERS W/O MCC","16: DISEASES & DISORDERS OF BLOOD, BLOOD FORMING ORGANS, IMMUNOLOG DISORD"
"813",813,16,"813: COAGULATION DISORDERS","16: DISEASES & DISORDERS OF BLOOD, BLOOD FORMING ORGANS, IMMUNOLOG DISORD"
"814",814,16,"814: RETICULOENDOTHELIAL & IMMUNITY DISORDERS W MCC","16: DISEASES & DISORDERS OF BLOOD, BLOOD FORMING ORGANS, IMMUNOLOG DISORD"
"815",815,16,"815: RETICULOENDOTHELIAL & IMMUNITY DISORDERS W CC","16: DISEASES & DISORDERS OF BLOOD, BLOOD FORMING ORGANS, IMMUNOLOG DISORD"
"816",816,16,"816: RETICULOENDOTHELIAL & IMMUNITY DISORDERS W/O CC/MCC","16: DISEASES & DISORDERS OF BLOOD, BLOOD FORMING ORGANS, IMMUNOLOG DISORD"
"820",820,17,"820: LYMPHOMA & LEUKEMIA W MAJOR O.R. PROCEDURE W MCC","17: MYELOPROLIFERATIVE DISEASES & DISORDERS, POORLY DIFFERENTIATED NEOPLASM"
"821",821,17,"821: LYMPHOMA & LEUKEMIA W MAJOR O.R. PROCEDURE W CC","17: MYELOPROLIFERATIVE DISEASES & DISORDERS, POORLY DIFFERENTIATED NEOPLASM"
"822",822,17,"822: LYMPHOMA & LEUKEMIA W MAJOR O.R. PROCEDURE W/O CC/MCC","17: MYELOPROLIFERATIVE DISEASES & DISORDERS, POORLY DIFFERENTIATED NEOPLASM"
"823",823,17,"823: LYMPHOMA & NON-ACUTE LEUKEMIA W OTHER O.R. PROC W MCC","17: MYELOPROLIFERATIVE DISEASES & DISORDERS, POORLY DIFFERENTIATED NEOPLASM"
"824",824,17,"824: LYMPHOMA & NON-ACUTE LEUKEMIA W OTHER O.R. PROC W CC","17: MYELOPROLIFERATIVE DISEASES & DISORDERS, POORLY DIFFERENTIATED NEOPLASM"
"825",825,17,"825: LYMPHOMA & NON-ACUTE LEUKEMIA W OTHER O.R. PROC W/O CC/MCC","17: MYELOPROLIFERATIVE DISEASES & DISORDERS, POORLY DIFFERENTIATED NEOPLASM"
"826",826,17,"826: MYELOPROLIF DISORD OR POORLY DIFF NEOPL W MAJ O.R. PROC W MCC","17: MYELOPROLIFERATIVE DISEASES & DISORDERS, POORLY DIFFERENTIATED NEOPLASM"
"827",827,17,"827: MYELOPROLIF DISORD OR POORLY DIFF NEOPL W MAJ O.R. PROC W CC","17: MYELOPROLIFERATIVE DISEASES & DISORDERS, POORLY DIFFERENTIATED NEOPLASM"
"828",828,17,"828: MYELOPROLIF DISORD OR POORLY DIFF NEOPL W MAJ O.R. PROC W/O CC/MCC","17: MYELOPROLIFERATIVE DISEASES & DISORDERS, POORLY DIFFERENTIATED NEOPLASM"
"829",829,17,"829: MYELOPROLIF DISORD OR POORLY DIFF NEOPL W OTHER O.R. PROC W CC/MCC","17: MYELOPROLIFERATIVE DISEASES & DISORDERS, POORLY DIFFERENTIATED NEOPLASM"
"830",830,17,"830: MYELOPROLIF DISORD OR POORLY DIFF NEOPL W OTHER O.R. PROC W/O CC/MCC","17: MYELOPROLIFERATIVE DISEASES & DISORDERS, POORLY DIFFERENTIATED NEOPLASM"
"834",834,17,"834: ACUTE LEUKEMIA W/O MAJOR O.R. PROCEDURE W MCC","17: MYELOPROLIFERATIVE DISEASES & DISORDERS, POORLY DIFFERENTIATED NEOPLASM"
"835",835,17,"835: ACUTE LEUKEMIA W/O MAJOR O.R. PROCEDURE W CC","17: MYELOPROLIFERATIVE DISEASES & DISORDERS, POORLY DIFFERENTIATED NEOPLASM"
"836",836,17,"836: ACUTE LEUKEMIA W/O MAJOR O.R. PROCEDURE W/O CC/MCC","17: MYELOPROLIFERATIVE DISEASES & DISORDERS, POORLY DIFFERENTIATED NEOPLASM"
"837",837,17,"837: CHEMO W ACUTE LEUKEMIA AS SDX OR W HIGH DOSE CHEMO AGENT W MCC","17: MYELOPROLIFERATIVE DISEASES & DISORDERS, POORLY DIFFERENTIATED NEOPLASM"
"838",838,17,"838: CHEMO W ACUTE LEUKEMIA AS SDX W CC OR HIGH DOSE CHEMO AGENT","17: MYELOPROLIFERATIVE DISEASES & DISORDERS, POORLY DIFFERENTIATED NEOPLASM"
"839",839,17,"839: CHEMO W ACUTE LEUKEMIA AS SDX W/O CC/MCC","17: MYELOPROLIFERATIVE DISEASES & DISORDERS, POORLY DIFFERENTIATED NEOPLASM"
"840",840,17,"840: LYMPHOMA & NON-ACUTE LEUKEMIA W MCC","17: MYELOPROLIFERATIVE DISEASES & DISORDERS, POORLY DIFFERENTIATED NEOPLASM"
"841",841,17,"841: LYMPHOMA & NON-ACUTE LEUKEMIA W CC","17: MYELOPROLIFERATIVE DISEASES & DISORDERS, POORLY DIFFERENTIATED NEOPLASM"
"842",842,17,"842: LYMPHOMA & NON-ACUTE LEUKEMIA W/O CC/MCC","17: MYELOPROLIFERATIVE DISEASES & DISORDERS, POORLY DIFFERENTIATED NEOPLASM"
"843",843,17,"843: OTHER MYELOPROLIF DIS OR POORLY DIFF NEOPL DIAG W MCC","17: MYELOPROLIFERATIVE DISEASES & DISORDERS, POORLY DIFFERENTIATED NEOPLASM"
"844",844,17,"844: OTHER MYELOPROLIF DIS OR POORLY DIFF NEOPL DIAG W CC","17: MYELOPROLIFERATIVE DISEASES & DISORDERS, POORLY DIFFERENTIATED NEOPLASM"
"845",845,17,"845: OTHER MYELOPROLIF DIS OR POORLY DIFF NEOPL DIAG W/O CC/MCC","17: MYELOPROLIFERATIVE DISEASES & DISORDERS, POORLY DIFFERENTIATED NEOPLASM"
"846",846,17,"846: CHEMOTHERAPY W/O ACUTE LEUKEMIA AS SECONDARY DIAGNOSIS W MCC","17: MYELOPROLIFERATIVE DISEASES & DISORDERS, POORLY DIFFERENTIATED NEOPLASM"
"847",847,17,"847: CHEMOTHERAPY W/O ACUTE LEUKEMIA AS SECONDARY DIAGNOSIS W CC","17: MYELOPROLIFERATIVE DISEASES & DISORDERS, POORLY DIFFERENTIATED NEOPLASM"
"848",848,17,"848: CHEMOTHERAPY W/O ACUTE LEUKEMIA AS SECONDARY DIAGNOSIS W/O CC/MCC","17: MYELOPROLIFERATIVE DISEASES & DISORDERS, POORLY DIFFERENTIATED NEOPLASM"
"849",849,17,"849: RADIOTHERAPY","17: MYELOPROLIFERATIVE DISEASES & DISORDERS, POORLY DIFFERENTIATED NEOPLASM"
"853",853,18,"853: INFECTIOUS & PARASITIC DISEASES W O.R. PROCEDURE W MCC","18: INFECTIOUS & PARASITIC DISEASES, SYSTEMIC OR UNSPECIFIED SITES"
"854",854,18,"854: INFECTIOUS & PARASITIC DISEASES W O.R. PROCEDURE W CC","18: INFECTIOUS & PARASITIC DISEASES, SYSTEMIC OR UNSPECIFIED SITES"
"855",855,18,"855: INFECTIOUS & PARASITIC DISEASES W O.R. PROCEDURE W/O CC/MCC","18: INFECTIOUS & PARASITIC DISEASES, SYSTEMIC OR UNSPECIFIED SITES"
"856",856,18,"856: POSTOPERATIVE OR POST-TRAUMATIC INFECTIONS W O.R. PROC W MCC","18: INFECTIOUS & PARASITIC DISEASES, SYSTEMIC OR UNSPECIFIED SITES"
"857",857,18,"857: POSTOPERATIVE OR POST-TRAUMATIC INFECTIONS W O.R. PROC W CC","18: INFECTIOUS & PARASITIC DISEASES, SYSTEMIC OR UNSPECIFIED SITES"
"858",858,18,"858: POSTOPERATIVE OR POST-TRAUMATIC INFECTIONS W O.R. PROC W/O CC/MCC","18: INFECTIOUS & PARASITIC DISEASES, SYSTEMIC OR UNSPECIFIED SITES"
"862",862,18,"862: POSTOPERATIVE & POST-TRAUMATIC INFECTIONS W MCC","18: INFECTIOUS & PARASITIC DISEASES, SYSTEMIC OR UNSPECIFIED SITES"
"863",863,18,"863: POSTOPERATIVE & POST-TRAUMATIC INFECTIONS W/O MCC","18: INFECTIOUS & PARASITIC DISEASES, SYSTEMIC OR UNSPECIFIED SITES"
"864",864,18,"864: FEVER","18: INFECTIOUS & PARASITIC DISEASES, SYSTEMIC OR UNSPECIFIED SITES"
"865",865,18,"865: VIRAL ILLNESS W MCC","18: INFECTIOUS & PARASITIC DISEASES, SYSTEMIC OR UNSPECIFIED SITES"
"866",866,18,"866: VIRAL ILLNESS W/O MCC","18: INFECTIOUS & PARASITIC DISEASES, SYSTEMIC OR UNSPECIFIED SITES"
"867",867,18,"867: OTHER INFECTIOUS & PARASITIC DISEASES DIAGNOSES W MCC","18: INFECTIOUS & PARASITIC DISEASES, SYSTEMIC OR UNSPECIFIED SITES"
"868",868,18,"868: OTHER INFECTIOUS & PARASITIC DISEASES DIAGNOSES W CC","18: INFECTIOUS & PARASITIC DISEASES, SYSTEMIC OR UNSPECIFIED SITES"
"869",869,18,"869: OTHER INFECTIOUS & PARASITIC DISEASES DIAGNOSES W/O CC/MCC","18: INFECTIOUS & PARASITIC DISEASES, SYSTEMIC OR UNSPECIFIED SITES"
"870",870,18,"870: SEPTICEMIA OR SEVERE SEPSIS W MV 96+ HOURS","18: INFECTIOUS & PARASITIC DISEASES, SYSTEMIC OR UNSPECIFIED SITES"
"871",871,18,"871: SEPTICEMIA OR SEVERE SEPSIS W/O MV 96+ HOURS W MCC","18: INFECTIOUS & PARASITIC DISEASES, SYSTEMIC OR UNSPECIFIED SITES"
"872",872,18,"872: SEPTICEMIA OR SEVERE SEPSIS W/O MV 96+ HOURS W/O MCC","18: INFECTIOUS & PARASITIC DISEASES, SYSTEMIC OR UNSPECIFIED SITES"
"876",876,19,"876: O.R. PROCEDURE W PRINCIPAL DIAGNOSES OF MENTAL ILLNESS","19: MENTAL DISEASES & DISORDERS"
"880",880,19,"880: ACUTE ADJUSTMENT REACTION & PSYCHOSOCIAL DYSFUNCTION","19: MENTAL DISEASES & DISORDERS"
"881",881,19,"881: DEPRESSIVE NEUROSES","19: MENTAL DISEASES & DISORDERS"
"882",882,19,"882: NEUROSES EXCEPT DEPRESSIVE","19: MENTAL DISEASES & DISORDERS"
"883",883,19,"883: DISORDERS OF PERSONALITY & IMPULSE CONTROL","19: MENTAL DISEASES & DISORDERS"
"884",884,19,"884: ORGANIC DISTURBANCES & MENTAL RETARDATION","19: MENTAL DISEASES & DISORDERS"
"885",885,19,"885: PSYCHOSES","19: MENTAL DISEASES & DISORDERS"
"886",886,19,"886: BEHAVIORAL & DEVELOPMENTAL DISORDERS","19: MENTAL DISEASES & DISORDERS"
"887",887,19,"887: OTHER MENTAL DISORDER DIAGNOSES","19: MENTAL DISEASES & DISORDERS"
"894",894,20,"894: ALCOHOL/DRUG ABUSE OR DEPENDENCE, LEFT AMA","20: ALCOHOL/DRUG USE & ALCOHOL/DRUG INDUCED ORGANIC MENTAL DISORDERS"
"895",895,20,"895: ALCOHOL/DRUG ABUSE OR DEPENDENCE W REHABILITATION THERAPY","20: ALCOHOL/DRUG USE & ALCOHOL/DRUG INDUCED ORGANIC MENTAL DISORDERS"
"896",896,20,"896: ALCOHOL/DRUG ABUSE OR DEPENDENCE W/O REHABILITATION THERAPY W MCC","20: ALCOHOL/DRUG USE & ALCOHOL/DRUG INDUCED ORGANIC MENTAL DISORDERS"
"897",897,20,"897: ALCOHOL/DRUG ABUSE OR DEPENDENCE W/O REHABILITATION THERAPY W/O MCC","20: ALCOHOL/DRUG USE & ALCOHOL/DRUG INDUCED ORGANIC MENTAL DISORDERS"
"901",901,21,"901: WOUND DEBRIDEMENTS FOR INJURIES W MCC","21: INJURIES, POISONINGS & TOXIC EFFECTS OF DRUGS"
"902",902,21,"902: WOUND DEBRIDEMENTS FOR INJURIES W CC","21: INJURIES, POISONINGS & TOXIC EFFECTS OF DRUGS"
"903",903,21,"903: WOUND DEBRIDEMENTS FOR INJURIES W/O CC/MCC","21: INJURIES, POISONINGS & TOXIC EFFECTS OF DRUGS"
"904",904,21,"904: SKIN GRAFTS FOR INJURIES W CC/MCC","21: INJURIES, POISONINGS & TOXIC EFFECTS OF DRUGS"
"905",905,21,"905: SKIN GRAFTS FOR INJURIES W/O CC/MCC","21: INJURIES, POISONINGS & TOXIC EFFECTS OF DRUGS"
"906",906,21,"906: HAND PROCEDURES FOR INJURIES","21: INJURIES, POISONINGS & TOXIC EFFECTS OF DRUGS"
"907",907,21,"907: OTHER O.R. PROCEDURES FOR INJURIES W MCC","21: INJURIES, POISONINGS & TOXIC EFFECTS OF DRUGS"
"908",908,21,"908: OTHER O.R. PROCEDURES FOR INJURIES W CC","21: INJURIES, POISONINGS & TOXIC EFFECTS OF DRUGS"
"909",909,21,"909: OTHER O.R. PROCEDURES FOR INJURIES W/O CC/MCC","21: INJURIES, POISONINGS & TOXIC EFFECTS OF DRUGS"
"913",913,21,"913: TRAUMATIC INJURY W MCC","21: INJURIES, POISONINGS & TOXIC EFFECTS OF DRUGS"
"914",914,21,"914: TRAUMATIC INJURY W/O MCC","21: INJURIES, POISONINGS & TOXIC EFFECTS OF DRUGS"
"915",915,21,"915: ALLERGIC REACTIONS W MCC","21: INJURIES, POISONINGS & TOXIC EFFECTS OF DRUGS"
"916",916,21,"916: ALLERGIC REACTIONS W/O MCC","21: INJURIES, POISONINGS & TOXIC EFFECTS OF DRUGS"
"917",917,21,"917: POISONING & TOXIC EFFECTS OF DRUGS W MCC","21: INJURIES, POISONINGS & TOXIC EFFECTS OF DRUGS"
"918",918,21,"918: POISONING & TOXIC EFFECTS OF DRUGS W/O MCC","21: INJURIES, POISONINGS & TOXIC EFFECTS OF DRUGS"
"919",919,21,"919: COMPLICATIONS OF TREATMENT W MCC","21: INJURIES, POISONINGS & TOXIC EFFECTS OF DRUGS"
"920",920,21,"920: COMPLICATIONS OF TREATMENT W CC","21: INJURIES, POISONINGS & TOXIC EFFECTS OF DRUGS"
"921",921,21,"921: COMPLICATIONS OF TREATMENT W/O CC/MCC","21: INJURIES, POISONINGS & TOXIC EFFECTS OF DRUGS"
"922",922,21,"922: OTHER INJURY, POISONING & TOXIC EFFECT DIAG W MCC","21: INJURIES, POISONINGS & TOXIC EFFECTS OF DRUGS"
"923",923,21,"923: OTHER INJURY, POISONING & TOXIC EFFECT DIAG W/O MCC","21: INJURIES, POISONINGS & TOXIC EFFECTS OF DRUGS"
"927",927,22,"927: EXTENSIVE BURNS OR FULL THICKNESS BURNS W MV 96+ HRS W SKIN GRAFT","22: BURNS"
"928",928,22,"928: FULL THICKNESS BURN W SKIN GRAFT OR INHAL INJ W CC/MCC","22: BURNS"
"929",929,22,"929: FULL THICKNESS BURN W SKIN GRAFT OR INHAL INJ W/O CC/MCC","22: BURNS"
"933",933,22,"933: EXTENSIVE BURNS OR FULL THICKNESS BURNS W MV 96+ HRS W/O SKIN GRAFT","22: BURNS"
"934",934,22,"934: FULL THICKNESS BURN W/O SKIN GRFT OR INHAL INJ","22: BURNS"
"935",935,22,"935: NON-EXTENSIVE BURNS","22: BURNS"
"939",939,23,"939: O.R. PROC W DIAGNOSES OF OTHER CONTACT W HEALTH SERVICES W MCC","23: FACTORS INFLUENCING HLTH STAT & OTHR CONTACTS WITH HLTH SERVCS"
"940",940,23,"940: O.R. PROC W DIAGNOSES OF OTHER CONTACT W HEALTH SERVICES W CC","23: FACTORS INFLUENCING HLTH STAT & OTHR CONTACTS WITH HLTH SERVCS"
"941",941,23,"941: O.R. PROC W DIAGNOSES OF OTHER CONTACT W HEALTH SERVICES W/O CC/MCC","23: FACTORS INFLUENCING HLTH STAT & OTHR CONTACTS WITH HLTH SERVCS"
"945",945,23,"945: REHABILITATION W CC/MCC","23: FACTORS INFLUENCING HLTH STAT & OTHR CONTACTS WITH HLTH SERVCS"
"946",946,23,"946: REHABILITATION W/O CC/MCC","23: FACTORS INFLUENCING HLTH STAT & OTHR CONTACTS WITH HLTH SERVCS"
"947",947,23,"947: SIGNS & SYMPTOMS W MCC","23: FACTORS INFLUENCING HLTH STAT & OTHR CONTACTS WITH HLTH SERVCS"
"948",948,23,"948: SIGNS & SYMPTOMS W/O MCC","23: FACTORS INFLUENCING HLTH STAT & OTHR CONTACTS WITH HLTH SERVCS"
"949",949,23,"949: AFTERCARE W CC/MCC","23: FACTORS INFLUENCING HLTH STAT & OTHR CONTACTS WITH HLTH SERVCS"
"950",950,23,"950: AFTERCARE W/O CC/MCC","23: FACTORS INFLUENCING HLTH STAT & OTHR CONTACTS WITH HLTH SERVCS"
"951",951,23,"951: OTHER FACTORS INFLUENCING HEALTH STATUS","23: FACTORS INFLUENCING HLTH STAT & OTHR CONTACTS WITH HLTH SERVCS"
"955",955,24,"955: CRANIOTOMY FOR MULTIPLE SIGNIFICANT TRAUMA","24: MULTIPLE SIGNIFICANT TRAUMA"
"956",956,24,"956: LIMB REATTACHMENT, HIP & FEMUR PROC FOR MULTIPLE SIGNIFICANT TRAUMA","24: MULTIPLE SIGNIFICANT TRAUMA"
"957",957,24,"957: OTHER O.R. PROCEDURES FOR MULTIPLE SIGNIFICANT TRAUMA W MCC","24: MULTIPLE SIGNIFICANT TRAUMA"
"958",958,24,"958: OTHER O.R. PROCEDURES FOR MULTIPLE SIGNIFICANT TRAUMA W CC","24: MULTIPLE SIGNIFICANT TRAUMA"
"959",959,24,"959: OTHER O.R. PROCEDURES FOR MULTIPLE SIGNIFICANT TRAUMA W/O CC/MCC","24: MULTIPLE SIGNIFICANT TRAUMA"
"963",963,24,"963: OTHER MULTIPLE SIGNIFICANT TRAUMA W MCC","24: MULTIPLE SIGNIFICANT TRAUMA"
"964",964,24,"964: OTHER MULTIPLE SIGNIFICANT TRAUMA W CC","24: MULTIPLE SIGNIFICANT TRAUMA"
"965",965,24,"965: OTHER MULTIPLE SIGNIFICANT TRAUMA W/O CC/MCC","24: MULTIPLE SIGNIFICANT TRAUMA"
"969",969,25,"969: HIV W EXTENSIVE O.R. PROCEDURE W MCC","25: HUMAN IMMUNODEFICIENCY VIRUS INFECTIONS"
"970",970,25,"970: HIV W EXTENSIVE O.R. PROCEDURE W/O MCC","25: HUMAN IMMUNODEFICIENCY VIRUS INFECTIONS"
"974",974,25,"974: HIV W MAJOR RELATED CONDITION W MCC","25: HUMAN IMMUNODEFICIENCY VIRUS INFECTIONS"
"975",975,25,"975: HIV W MAJOR RELATED CONDITION W CC","25: HUMAN IMMUNODEFICIENCY VIRUS INFECTIONS"
"976",976,25,"976: HIV W MAJOR RELATED CONDITION W/O CC/MCC","25: HUMAN IMMUNODEFICIENCY VIRUS INFECTIONS"
"977",977,25,"977: HIV W OR W/O OTHER RELATED CONDITION","25: HUMAN IMMUNODEFICIENCY VIRUS INFECTIONS"
"981",981,0,"981: EXTENSIVE O.R. PROCEDURE UNRELATED TO PRINCIPAL DIAGNOSIS W MCC","0: PRINCIPAL DX CAN NOT BE ASSIGNED TO MDC"
"982",982,0,"982: EXTENSIVE O.R. PROCEDURE UNRELATED TO PRINCIPAL DIAGNOSIS W CC","0: PRINCIPAL DX CAN NOT BE ASSIGNED TO MDC"
"983",983,0,"983: EXTENSIVE O.R. PROCEDURE UNRELATED TO PRINCIPAL DIAGNOSIS W/O CC/MCC","0: PRINCIPAL DX CAN NOT BE ASSIGNED TO MDC"
"984",984,0,"984: PROSTATIC O.R. PROCEDURE UNRELATED TO PRINCIPAL DIAGNOSIS W MCC","0: PRINCIPAL DX CAN NOT BE ASSIGNED TO MDC"
"985",985,0,"985: PROSTATIC O.R. PROCEDURE UNRELATED TO PRINCIPAL DIAGNOSIS W CC","0: PRINCIPAL DX CAN NOT BE ASSIGNED TO MDC"
"986",986,0,"986: PROSTATIC O.R. PROCEDURE UNRELATED TO PRINCIPAL DIAGNOSIS W/O CC/MCC","0: PRINCIPAL DX CAN NOT BE ASSIGNED TO MDC"
"987",987,0,"987: NON-EXTENSIVE O.R. PROC UNRELATED TO PRINCIPAL DIAGNOSIS W MCC","0: PRINCIPAL DX CAN NOT BE ASSIGNED TO MDC"
"988",988,0,"988: NON-EXTENSIVE O.R. PROC UNRELATED TO PRINCIPAL DIAGNOSIS W CC","0: PRINCIPAL DX CAN NOT BE ASSIGNED TO MDC"
"989",989,0,"989: NON-EXTENSIVE O.R. PROC UNRELATED TO PRINCIPAL DIAGNOSIS W/O CC/MCC","0: PRINCIPAL DX CAN NOT BE ASSIGNED TO MDC"
"998",998,0,"998: PRINCIPAL DIAGNOSIS INVALID AS DISCHARGE DIAGNOSIS","0: PRINCIPAL DX CAN NOT BE ASSIGNED TO MDC"
"999",999,0,"999: UNGROUPABLE","0: PRINCIPAL DX CAN NOT BE ASSIGNED TO MDC"
